AF-ORU,30,40
AF-PIA,30,40
AF-HEL,30,40
AF-LOW,30,40
AF-BAM,30,40
AF-GHO,30,40
AF-GHA,30,40
AF-BDS,30,40
AF-FRA,30,40
AF-HER,30,40
AF-PAR,30,40
AF-NAN,30,40
AF-KAB,30,40
AF-KAN,30,40
AF-FYB,30,40
AF-BAL,30,40
AF-PKA,30,40
AF-BDG,30,40
AF-TAK,30,40
AF-KDZ,30,40
AF-NIM,30,40
AL-11,30,40
DZ-27,30,30
DZ-09,30,30
DZ-28,30,30
DZ-06,30,30
DZ-35,30,30
DZ-33,30,30
DZ-19,30,30
DZ-11,30,30
DZ-18,30,30
DZ-45,30,30
DZ-36,30,30
DZ-25,30,30
DZ-04,30,30
DZ-21,30,30
DZ-12,30,30
DZ-05,30,30
DZ-03,30,30
DZ-17,30,30
DZ-14,30,30
DZ-37,30,30
DZ-02,30,30
DZ-31,30,30
DZ-13,30,30
DZ-08,30,30
DZ-22,30,30
DZ-29,30,30
DZ-32,30,30
DZ-01,30,30
DZ-07,30,30
DZ-47,30,30
DZ-30,30,30
DZ-39,30,30
AS-U-A,0,10
AD-07,30,40
AO-BIE,30,40
AO-MOX,30,40
AO-CCU,30,40
AO-HUA,30,40
AO-MAL,30,40
AO-CNO,30,40
AO-BGO,30,40
AO-ZAI,30,40
AO-BGU,30,40
AO-CAB,30,40
AO-LNO,30,40
AO-CNN,30,40
AO-LUA,30,40
AO-NAM,30,40
AO-UIG,30,40
AO-CUS,30,40
AO-LSU,30,40
AO-HUI,30,40
AI-U-A,0,10
AG-03,30,40
AG-10,30,40
AR-B,30,40
AR-Z,30,40
AR-H,30,40
AR-R,30,40
AR-S,30,40
AR-U,30,40
AR-Q,30,40
AR-E,30,40
AR-C,30,40
AR-X,30,40
AR-M,30,40
AR-K,30,40
AR-G,30,40
AR-F,30,40
AR-T,30,40
AR-J,30,40
AR-D,30,40
AR-W,30,40
AR-P,30,40
AR-N,30,40
AR-A,30,40
AR-Y,30,40
AR-V,30,40
AR-L,30,40
AM-SH,30,40
AM-ER,30,40
AW-U-A,0,10
AU-WA,0,10
AU-NT,0,10
AU-QLD,0,10
AU-SA,0,10
AU-VIC,40,20
AU-TAS,0,10
AU-NSW,0,10
AU-ACT,0,10
AT-8,50,25
AT-6,50,25
AT-7,50,25
AT-2,50,25
AT-4,50,25
AT-5,50,25
AT-9,50,25
AZ-BA,5,5
AZ-GA,5,5
AZ-LA,5,5
AZ-NX,5,5
AZ-QAB,5,5
AZ-ZAQ,5,5
AZ-YE,5,5
BS-BI,30,40
BS-KB,30,40
BS-NB,30,40
BS-MH,30,40
BS-AC,30,40
BS-GT,30,40
BS-CI,30,40
BS-EX,30,40
BS-HI,30,40
BS-GH,30,40
BS-RS,30,40
BS-FP,30,40
BS-HR,30,40
BS-IN,30,40
BS-LI,30,40
BS-MG,30,40
BS-NP,30,40
BS-RI,30,40
BS-SR,30,40
BH-15,30,40
BD-4,30,40
BD-1,30,40
BD-2,30,40
BD-5,30,40
BD-6,30,40
BD-3,30,40
BB-01,0,20
BY-BR,30,40
BY-HO,30,40
BY-VI,30,40
BY-HR,30,40
BY-MI,30,40
BY-MA,30,40
BE-VAN,20,40
BE-BRU,20,40
BE-WHT,20,40
BE-VWV,20,40
BE-WLG,20,40
BZ-CY,30,40
BZ-SC,30,40
BZ-BZ,30,40
BZ-CZL,30,40
BZ-OW,30,40
BZ-TOL,30,40
BJ-AQ,30,40
BJ-DO,30,40
BJ-AL,30,40
BJ-AK,30,40
BJ-BO,30,40
BJ-CO,30,40
BM-U-A,0,10
BT-41,30,40
BT-33,30,40
BT-31,30,40
BT-11,30,40
BQ-U-A,0,10
BA-SRP,30,40
BA-BIH,30,40
BW-KG,1,10
BW-NE,1,10
BW-GH,1,10
BW-SO,1,10
BW-NW,1,10
BW-SE,1,10
BW-CE,1,10
BR-PA,30,40
BR-MT,30,40
BR-RS,30,40
BR-CE,30,40
BR-MA,30,40
BR-TO,30,40
BR-SP,30,40
BR-SE,30,40
BR-MG,30,40
BR-PR,30,40
BR-DF,30,40
BR-RR,30,40
BR-RJ,30,40
BR-SC,30,40
BR-MS,30,40
BR-GO,30,40
BR-BA,30,40
BR-AC,30,40
BR-AM,30,40
BR-PE,30,40
BR-RO,30,40
BR-PB,30,40
BR-AL,30,40
BR-AP,30,40
BR-RN,30,40
BR-PI,30,40
BR-ES,30,40
BN-BM,30,40
BG-26,5,10
BG-28,5,10
BG-02,5,10
BG-04,5,10
BG-16,5,10
BG-18,5,10
BG-23,5,10
BG-19,5,10
BG-24,5,10
BG-25,5,10
BG-03,5,10
BF-SMT,1,5
BF-YAT,1,5
BF-SOM,1,5
BF-SIS,1,5
BF-NAO,1,5
BF-NAM,1,5
BF-GNA,1,5
BF-TAP,1,5
BF-SEN,1,5
BF-GOU,1,5
BF-OUD,1,5
BF-KMP,1,5
BF-BLG,1,5
BF-KAD,1,5
BF-COM,1,5
BF-MOU,1,5
BF-PON,1,5
BF-KOS,1,5
BF-HOU,1,5
BF-SOR,1,5
BF-BGR,1,5
BI-BJ,30,40
BI-GI,30,40
BI-U-A,0,10
KH-7,0,5
KH-13,0,5
KH-2,0,5
KH-4,0,5
KH-9,0,5
KH-10,0,5
KH-11,0,5
KH-8,0,5
KH-16,0,5
KH-17,0,5
KH-19,0,5
KH-18,0,5
KH-15,0,5
CM-LT,30,40
CM-SU,30,40
CM-SW,30,40
CM-NW,30,40
CM-EN,30,40
CM-ES,30,40
CM-OU,30,40
CM-AD,30,40
CM-NO,30,40
CM-CE,30,40
CA-NB,0,40
CA-YT,0,40
CA-QC,30,50
CA-NU,0,10
CA-MB,0,10
CA-NT,0,10
CA-NL,0,10
CA-ON,20,50
CA-BC,0,50
CA-AB,10,50
CA-SK,0,10
CA-NS,0,10
CA-PE,0,10
KY-U-A,0,10
CF-HS,30,40
CF-MP,30,40
CF-MB,30,40
CF-VR,30,40
CF-UK,30,40
CF-BB,30,40
CF-NM,30,40
CF-HK,30,40
CF-AC,30,40
CF-HM,30,40
CF-OP,30,40
TD-SA,30,40
TD-MC,30,40
TD-MK,30,40
TD-OD,30,40
TD-LO,30,40
TD-TA,30,40
TD-BA,30,40
TD-CB,30,40
TD-LC,30,40
TD-GR,30,40
TD-KA,30,40
TD-BET,30,40
CL-LL,30,40
CL-VS,30,40
CL-AP,30,40
CL-AI,30,40
CL-AT,30,40
CL-AN,30,40
CL-MA,30,40
CL-BI,30,40
CL-CO,30,40
CL-TA,30,40
CL-RM,30,40
CL-ML,30,40
CL-AR,30,40
CL-LI,30,40
CL-LR,30,40
CN-15,0,3
CN-51,0,3
CN-13,0,3
CN-64,0,3
CN-53,0,3
CN-50,0,3
CN-54,0,3
CN-44,0,3
CN-36,0,3
CN-45,0,3
CN-37,0,3
CN-21,0,3
CN-65,0,3
CN-62,0,3
CN-32,0,3
CN-22,0,3
CN-23,0,3
CN-63,0,3
CN-41,0,3
CN-34,0,3
CN-35,0,3
CN-43,0,3
CN-11,0,3
CN-14,0,3
CN-42,40,45
CN-61,0,3
CN-12,0,3
CN-46,0,3
CN-U-A,0,3
CN-33,0,3
CN-31,0,3
CN-52,0,3
HK-U-A,5,4
MO-U-A,5,4
TW-X-KM,0,5
TW-X-LK,0,5
TW-TTT,0,5
TW-KHH,0,5
TW-CYQ,0,5
TW-PIF,0,5
TW-TXG,0,5
TW-TNN,0,5
TW-HSZ,0,5
TW-PEN,0,5
TW-TPE,0,5
TW-TAO,0,5
TW-HUA,0,5
CO-CUN,30,40
CO-ARA,30,40
CO-AMA,30,40
CO-SAN,30,40
CO-MET,30,40
CO-ANT,30,40
CO-CAQ,30,40
CO-CAS,30,40
CO-CES,30,40
CO-CHO,30,40
CO-COR,30,40
CO-GUA,30,40
CO-HUI,30,40
CO-NAR,30,40
CO-TOL,30,40
CO-VAC,30,40
CO-VAU,30,40
CO-VID,30,40
CO-QUI,30,40
CO-PUT,30,40
CO-MAG,30,40
CO-ATL,30,40
CO-NSA,30,40
CO-BOL,30,40
CO-SUC,30,40
CO-CAU,30,40
CO-LAG,30,40
CO-GUV,30,40
CO-CAL,30,40
CO-RIS,30,40
CO-SAP,30,40
CO-BOY,30,40
KM-G,30,40
KM-M,30,40
KM-A,30,40
CG-8,30,40
CG-12,30,40
CG-14,30,40
CG-11,30,40
CG-2,30,40
CG-9,30,40
CG-7,30,40
CG-13,30,40
CG-5,30,40
CK-U-A,0,10
CR-A,30,40
CR-L,30,40
CR-P,30,40
CR-G,30,40
CR-SJ,30,40
CR-H,30,40
HR-19,5,5
HR-08,5,5
HR-14,5,5
HR-18,5,5
HR-17,5,5
HR-21,5,5
HR-13,5,5
CU-11,30,40
CU-14,30,40
CU-07,30,40
CU-12,30,40
CU-08,30,40
CU-06,30,40
CU-99,30,40
CU-09,30,40
CU-04,30,40
CU-13,30,40
CU-03,30,40
CU-01,30,40
CU-02,30,40
CU-05,30,40
CU-10,30,40
CY-03,30,40
CY-02,30,40
CY-04,30,40
CY-06,30,40
CZ-ZL,5,10
CZ-KA,5,10
CZ-MO,5,10
CZ-OL,5,10
CZ-PA,5,10
CZ-PR,5,10
CZ-JM,5,10
CZ-ST,5,10
CI-13,30,40
CI-01,30,40
CI-05,30,40
CI-03,30,40
CI-04,30,40
CI-08,30,40
CI-11,30,40
CI-02,30,40
CI-19,30,40
CI-09,30,40
CI-06,30,40
CI-10,30,40
CI-14,30,40
CI-17,30,40
CI-07,30,40
KP-10,0,0
KP-09,0,0
KP-01,0,0
KP-08,0,0
KP-07,0,0
DK-82,5,12
DK-83,5,12
DK-84,5,12
DK-81,5,12
DK-85,5,12
DJ-DJ,30,40
DJ-AS,30,40
DJ-OB,30,40
DJ-TA,30,40
DM-10,30,40
DM-02,30,40
DO-04,30,40
DO-16,30,40
DO-20,30,40
DO-13,30,40
DO-01,30,40
DO-12,30,40
DO-11,30,40
DO-18,30,40
DO-22,30,40
DO-25,30,40
EC-S,40,45
EC-T,40,45
EC-D,40,45
EC-A,40,45
EC-W,40,45
EC-G,40,45
EC-M,40,45
EC-X,40,45
EC-L,40,45
EC-O,40,45
EC-U,40,45
EC-P,40,45
EC-Y,40,45
EC-E,40,45
EC-C,40,45
EC-N,40,45
EG-JS,30,30
EG-C,30,30
EG-MT,30,30
EG-MN,30,30
EG-SIN,30,30
EG-WAD,30,30
EG-ALX,30,30
EG-ASN,30,30
EG-GZ,30,30
EG-BA,30,30
EG-KN,30,30
EG-SHG,30,30
EG-SHR,30,30
SV-PA,30,40
GQ-AN,30,40
GQ-LI,30,40
GQ-WN,30,40
GQ-BN,30,40
GQ-CS,30,40
ER-SK,30,40
ER-DK,30,40
ER-GB,30,40
EE-39,30,40
EE-74,30,40
EE-67,30,40
EE-37,30,40
EE-7B,30,40
ET-SO,10,30
ET-TI,10,30
ET-AA,10,30
ET-SN,10,30
ET-AM,10,30
ET-BE,10,30
ET-GA,10,30
ET-DD,10,30
ET-OR,10,30
ET-AF,10,30
FM-TRK,30,40
FM-KSA,30,40
FM-PNI,30,40
FM-YAP,30,40
FK-U-A,0,10
FO-U-A,0,10
FJ-W,30,40
FJ-N,30,40
FJ-E,30,40
FJ-C,30,40
FJ-R,30,40
FI-LL,5,10
FI-LS,5,10
FI-ES,5,10
FI-IS,5,10
FI-OL,5,10
FI-AL,5,10
FR-L,20,40
FR-U,20,40
FR-Q,20,40
FR-O,20,40
FR-S,20,40
FR-B,20,40
FR-T,20,40
FR-N,20,40
FR-R,20,40
FR-A,20,40
FR-I,20,40
FR-V,20,40
FR-C,20,40
FR-M,20,40
FR-H,20,40
FR-D,20,40
FR-F,20,40
FR-K,20,40
FR-G,20,40
FR-J,120,40
FR-E,20,40
FR-P,20,40
GF-CY,30,40
GF-SL,30,40
PF-U-A,0,10
GA-3,30,40
GA-8,30,40
GA-6,30,40
GA-4,30,40
GA-5,30,40
GA-7,30,40
GA-9,30,40
GA-2,30,40
GA-1,30,40
GM-W,30,40
GE-IM,30,40
GE-AJ,30,40
GE-AB,30,40
GE-TB,30,40
DE-BR,40,40
DE-BW,40,20
DE-TH,40,20
DE-MV,40,20
DE-SN,40,20
DE-ST,40,20
DE-HE,40,20
DE-NW,40,20
DE-HH,40,20
DE-BE,40,20
DE-BY,40,20
DE-SL,40,20
DE-NI,40,20
DE-HB,40,20
DE-RP,40,20
DE-SH,40,20
GH-AA,30,40
GH-NP,30,40
GH-AH,30,40
GH-BA,30,40
GH-WP,30,40
GI-U-A,0,10
GR-14,3,10
GR-01,3,10
GR-71,3,10
GR-A1,3,10
GR-43,3,10
GR-85,3,10
GR-11,3,10
GR-84,3,10
GR-33,3,10
GR-91,3,10
GR-56,3,10
GR-23,3,10
GR-81,3,10
GR-17,3,10
GR-22,3,10
GR-55,3,10
GR-58,3,10
GR-83,3,10
GR-42,3,10
GR-82,3,10
GR-34,3,10
GR-13,3,10
GR-94,3,10
GR-16,3,10
GR-92,3,10
GR-04,3,10
GR-54,3,10
GR-21,3,10
GL-U-A,0,10
GD-GE,30,40
GD-PA,30,40
GP-U-A,0,10
GU-U-A,0,10
GT-CQ,30,40
GT-PE,30,40
GT-ES,30,40
GT-QC,30,40
GT-AV,30,40
GT-QZ,30,40
GT-GU,30,40
GT-HU,30,40
GT-IZ,30,40
GT-RE,30,40
GN-C,30,40
GN-B,30,40
GN-F,30,40
GN-L,30,40
GN-N,30,40
GN-K,30,40
GW-BL,30,40
GW-BS,30,40
GY-BA,30,40
GY-PT,30,40
GY-UT,30,40
GY-CU,30,40
GY-DE,30,40
GY-EB,30,40
HT-SD,30,40
HT-ND,30,40
HT-SE,30,40
HT-GA,30,40
HT-OU,30,40
HT-NO,30,40
HN-LE,30,40
HN-CR,30,40
HN-GD,30,40
HN-OL,30,40
HN-LP,30,40
HN-YO,30,40
HN-CL,30,40
HN-AT,30,40
HN-IN,30,40
HN-IB,30,40
HN-CP,30,40
HN-CM,30,40
HN-FM,30,40
HU-PE,20,10
HU-HB,20,10
HU-BZ,20,10
HU-BA,20,10
HU-ZA,20,10
HU-SO,20,10
IS-6,1,10
IS-4,1,10
IS-7,1,10
IS-5,1,10
IS-3,1,10
IS-8,1,10
IS-2,1,10
IS-1,1,10
IN-KA,30,40
IN-CT,30,40
IN-TN,30,40
IN-JK,30,40
IN-AR,30,40
IN-MM,30,40
IN-TG,30,40
IN-MP,30,40
IN-GJ,30,40
IN-DD,30,40
IN-GA,30,40
IN-RJ,30,40
IN-TR,30,40
IN-WB,30,40
IN-ML,30,40
IN-OR,30,40
IN-BR,30,40
IN-UP,30,40
IN-AS,30,40
IN-MN,30,40
IN-JH,30,40
IN-MZ,30,40
IN-NL,30,40
IN-AP,30,40
IN-PB,30,40
IN-HP,30,40
IN-CH,30,40
IN-UL,30,40
IN-DL,30,40
IN-HR,30,40
IN-LD,30,40
IN-KL,30,40
IN-AN,30,40
IN-U-A,0,10
ID-PA,9,30
ID-JB,9,30
ID-JI,9,30
ID-PB,9,30
ID-LA,9,30
ID-ST,9,30
ID-KI,9,30
ID-JA,9,30
ID-JT,9,30
ID-NT,9,30
ID-NB,9,30
ID-SS,9,30
ID-KU,9,30
ID-SG,9,30
ID-SB,9,30
ID-BA,9,30
ID-KT,9,30
ID-MA,9,30
ID-SN,9,30
ID-MU,9,30
ID-GO,9,30
ID-SA,9,30
ID-KS,9,30
ID-YO,9,30
ID-RI,9,30
ID-JK,9,30
ID-BT,9,30
ID-SU,9,30
ID-BB,9,30
ID-KB,9,30
ID-BE,9,30
ID-AC,9,30
IR-02,30,40
IR-23,30,40
IR-10,30,40
IR-18,30,40
IR-06,30,40
IR-17,30,40
IR-05,30,40
IR-20,30,40
IR-16,30,40
IR-04,30,40
IR-08,30,40
IR-19,30,40
IR-24,30,40
IR-22,30,40
IR-07,30,40
IR-28,30,40
IR-U-A,0,10
IR-12,30,40
IR-15,30,40
IR-29,30,40
IR-30,30,40
IR-31,30,40
IR-25,30,40
IR-27,30,40
IR-21,30,40
IR-14,30,40
IR-03,30,40
IR-01,30,40
IR-11,30,40
IR-13,30,40
IQ-AN,30,40
IQ-DA,30,40
IQ-SD,30,40
IQ-BG,30,40
IQ-NI,30,40
IQ-AR,30,40
IQ-TS,30,40
IQ-BA,30,40
IQ-NA,30,40
IQ-SW,30,40
IE-C,10,35
IE-MO,10,35
IE-G,10,35
IE-DL,10,35
IE-D,10,35
IE-KK,10,35
IE-KY,10,35
IE-CE,10,35
IE-SO,10,35
IE-WD,10,35
IM-U-A,0,10
IL-M,30,40
IL-D,30,40
IL-HA,30,40
IL-Z,30,40
IL-TA,30,40
IT-75,5,20
IT-65,5,20
IT-78,5,20
IT-82,5,20
IT-34,5,20
IT-45,5,20
IT-88,5,20
IT-25,15,15
IT-21,5,20
IT-42,5,20
IT-23,5,20
IT-36,5,20
IT-32,5,20
IT-57,5,20
IT-52,5,20
IT-62,5,20
IT-72,5,20
IT-55,5,20
JM-05,30,40
JM-01,30,40
JM-08,30,40
JM-04,30,40
JM-09,30,40
JM-02,30,40
JP-47,0,10
JP-39,0,5
JP-12,0,5
JP-20,0,5
JP-08,0,5
JP-13,0,5
JP-27,0,5
JP-30,0,5
JP-28,0,5
JP-34,0,5
JP-01,0,5
JP-43,0,5
JP-42,0,5
JP-35,0,5
JP-46,0,5
JP-40,0,5
JP-45,0,5
JP-44,0,5
JP-41,0,5
JP-23,0,5
JP-18,0,5
JP-21,0,5
JP-17,0,5
JP-32,0,5
JP-22,0,5
JP-16,0,5
JP-33,0,5
JP-38,0,5
JP-31,0,5
JP-36,0,5
JP-37,0,5
JP-02,0,5
JP-06,0,5
JP-15,0,5
JP-07,0,5
JP-03,0,5
JP-05,0,5
JP-04,0,5
JO-AM,30,40
JO-AQ,30,40
JO-MA,30,40
KZ-KAR,20,40
KZ-ALM,20,40
KZ-BAY,20,40
KZ-AKM,20,40
KZ-SEV,20,40
KZ-ZHA,20,40
KZ-YUZ,20,40
KZ-KZY,20,40
KZ-ZAP,20,40
KZ-PAV,20,40
KZ-VOS,20,40
KZ-MAN,20,40
KZ-ATY,20,40
KZ-AKT,20,40
KZ-KUS,20,40
KE-300,30,30
KE-700,30,30
KE-500,30,30
KE-110,30,30
KE-900,30,30
KE-600,30,30
KE-400,30,30
KE-200,30,30
KI-G,30,40
KI-P,30,40
KI-L,30,40
KW-AH,30,40
KW-FA,30,40
KG-Y,20,20
KG-C,20,20
KG-O,20,20
LA-PH,0,10
LA-AT,0,10
LA-BK,0,10
LA-LP,0,10
LA-LM,0,10
LA-OU,0,10
LA-CH,0,10
LA-XA,0,10
LA-SV,0,10
LA-HO,0,10
LA-SL,0,10
LA-KH,0,10
LA-VT,0,10
LA-XI,0,10
LV-DA,30,40
LV-LE,30,40
LV-RIX,30,40
LV-VEN,30,40
LB-JL,10,10
LB-AS,10,10
LS-H,30,40
LS-C,30,40
LS-F,30,40
LS-E,30,40
LS-J,30,40
LS-A,30,40
LS-G,30,40
LS-K,30,40
LR-LO,30,40
LR-GB,30,40
LR-MY,30,40
LR-SI,30,40
LR-MO,30,40
LR-NI,30,40
LR-MG,30,40
LR-GK,30,40
LR-GG,30,40
LR-RI,30,40
LY-SR,30,40
LY-BU,30,40
LY-GT,30,40
LY-KF,30,40
LY-BA,30,40
LY-TB,30,40
LY-JA,30,40
LY-SB,30,40
LY-WA,30,40
LY-JU,30,40
LY-NL,30,40
LY-JG,30,40
LY-NQ,30,40
LY-SH,30,40
LY-DR,30,40
LY-MI,30,40
LT-KU,30,40
LT-KL,30,40
LT-PN,30,40
LT-SA,30,40
LT-VL,30,40
LU-L,30,40
MG-U,30,40
MG-M,30,40
MG-T,30,40
MG-A,30,40
MG-D,30,40
MG-F,30,40
MW-RU,30,40
MW-BL,30,40
MW-MG,30,40
MW-NK,30,40
MW-KR,30,40
MW-KS,30,40
MW-LI,30,40
MW-LK,30,40
MW-SA,30,40
MW-MZ,30,40
MW-MH,30,40
MY-12,0,20
MY-13,0,20
MY-01,0,20
MY-15,0,20
MY-06,0,20
MY-08,0,20
MY-02,0,20
MY-07,0,20
MY-03,0,20
MY-11,0,20
MY-14,0,20
MY-04,0,20
MY-10,0,20
MV-13,30,40
MV-20,30,40
MV-29,30,40
MV-01,30,40
MV-23,30,40
MV-05,30,40
MV-MLE,30,40
MV-27,30,40
MV-28,30,40
MV-17,30,40
MV-08,30,40
ML-2,30,40
ML-6,30,40
ML-7,30,40
ML-1,30,40
ML-3,30,40
ML-5,30,40
MT-62,30,40
MT-25,30,40
MH-UTI,30,40
MH-ALL,30,40
MH-KWA,30,40
MH-EBO,30,40
MH-MIL,30,40
MH-NMU,30,40
MH-ALK,30,40
MH-AUR,30,40
MH-BIK,30,40
MH-MAL,30,40
MH-LIK,30,40
MH-LAE,30,40
MH-MEJ,30,40
MH-NMK,30,40
MH-RON,30,40
MH-ARN,30,40
MH-JAL,30,40
MH-WTJ,30,40
MH-WTN,30,40
MH-ENI,30,40
MH-MAJ,30,40
MH-KIL,30,40
MH-UJA,30,40
MQ-U-A,0,10
MR-07,30,40
MR-02,30,40
MR-06,30,40
MR-09,30,40
MR-05,30,40
MR-03,30,40
MR-01,30,40
MR-12,30,40
MR-04,30,40
MR-NKC,30,40
MR-10,30,40
MR-11,30,40
MR-08,30,40
MU-GP,30,40
MU-VP,30,40
YT-U-A,0,10
MX-SON,30,40
MX-BCN,30,40
MX-JAL,30,40
MX-YUC,30,40
MX-GRO,30,40
MX-NLE,30,40
MX-AGU,30,40
MX-OAX,30,40
MX-MOR,30,40
MX-COA,30,40
MX-CAM,30,40
MX-CHH,30,40
MX-SIN,30,40
MX-ROO,30,40
MX-CHP,30,40
MX-TAM,30,40
MX-GUA,30,40
MX-BCS,30,40
MX-DUR,30,40
MX-NAY,30,40
MX-PUE,30,40
MX-COL,30,40
MX-VER,30,40
MX-MEX,30,40
MX-MIC,30,40
MX-DIF,30,40
MX-QUE,30,40
MX-SLP,30,40
MX-TAB,30,40
MX-ZAC,30,40
MC-U-A,0,10
MN-035,0,10
MN-041,0,10
MN-059,0,10
MN-071,0,10
MN-055,0,10
MN-065,0,10
MN-069,0,10
MN-067,0,10
MN-053,0,10
MN-043,0,10
MN-051,0,10
MN-061,0,10
MN-057,0,10
MN-073,0,10
MN-1,0,10
MN-046,0,10
MN-039,0,10
ME-03,30,40
ME-16,30,40
ME-19,30,40
ME-21,30,40
MS-U-A,0,0
MA-AGD,30,20
MA-TNT,30,20
MA-TIZ,30,20
MA-FIG,30,20
MA-FES,30,20
MA-ERR,30,20
MA-MEK,30,20
MA-OUJ,30,20
MA-CAS,30,20
MA-BEM,30,20
MA-RBA,30,20
MA-BAH,30,20
MA-ESI,30,20
MA-NAD,30,20
MA-MAR,30,20
MA-KEN,30,20
MA-OUA,30,20
MA-HOC,30,20
MA-TET,30,20
MA-TNG,30,20
MA-LAA,30,20
MZ-Q,30,40
MZ-I,30,40
MZ-S,30,40
MZ-N,30,40
MZ-A,30,40
MZ-B,30,40
MZ-L,30,40
MZ-MPM,30,40
MZ-P,30,40
MZ-T,30,40
MZ-G,30,40
MM-07,0,5
MM-16,0,5
MM-04,0,5
MM-11,0,5
MM-05,0,5
MM-03,0,5
MM-17,0,5
MM-01,0,5
MM-12,0,5
MM-15,0,5
MM-13,0,5
MM-02,0,5
MM-06,0,5
NA-KU,30,40
NA-ER,30,40
NA-OH,30,40
NA-OD,30,40
NA-OT,30,40
NA-KA,30,40
NA-CA,30,40
NA-ON,30,40
NA-KE,30,40
NA-HA,30,40
NA-KH,30,40
NR-14,30,40
NP-BA,20,30
NP-SE,20,30
NP-KO,20,30
NP-DH,20,30
NP-NA,20,30
NP-MA,20,30
NP-LU,20,30
NP-ME,20,30
NP-RA,20,30
NP-BH,20,30
NP-KA,20,30
NP-GA,20,30
NP-JA,20,30
NP-SA,20,30
NL-NH,10,30
NL-LI,10,30
NL-NB,10,30
NL-DR,10,30
NL-FL,10,30
NL-FR,10,30
NL-ZH,10,30
NL-UT,10,30
NL-OV,10,30
NC-U-A,0,10
NZ-AUK,1,5
NZ-WKO,1,5
NZ-CAN,1,5
NZ-WGN,1,5
NZ-NTL,1,5
NZ-OTA,1,5
NZ-WTC,1,5
NZ-GIS,1,5
NZ-STL,1,5
NZ-TAS,1,5
NZ-TKI,1,5
NZ-HKB,1,5
NZ-NSN,1,5
NZ-MWT,1,5
NZ-MBH,1,5
NZ-BOP,1,5
NI-AS,30,40
NI-AN,30,40
NI-RI,30,40
NI-MN,30,40
NI-SJ,30,40
NE-4,30,40
NE-8,30,40
NE-5,30,40
NE-1,30,40
NE-7,30,40
NG-KT,30,40
NG-FC,30,40
NG-AK,30,40
NG-ON,30,40
NG-DE,30,40
NG-BA,30,40
NG-ED,30,40
NG-CR,30,40
NG-EN,30,40
NG-OY,30,40
NG-KW,30,40
NG-IM,30,40
NG-PL,30,40
NG-KD,30,40
NG-KN,30,40
NG-BO,30,40
NG-BE,30,40
NG-LA,30,40
NG-NI,30,40
NG-RI,30,40
NG-SO,30,40
NG-AD,30,40
NG-GO,30,40
NU-U-A,0,10
MP-U-A,0,10
NO-15,30,20
NO-18,30,20
NO-20,30,20
NO-14,30,20
NO-12,30,20
NO-10,30,20
NO-06,30,20
NO-19,30,20
NO-03,30,20
NO-05,30,20
NO-02,30,20
NO-04,30,20
NO-11,30,20
NO-17,30,20
NO-08,30,20
NO-16,30,20
NO-01,30,20
NO-21,30,20
NO-07,30,20
OM-WU,0,0
OM-MU,0,0
OM-DA,0,0
OM-BA,0,0
OM-BU,0,0
OM-ZA,0,0
OM-SH,0,0
OM-MA,0,0
OM-ZU,0,0
PK-SD,20,50
PK-PB,20,50
PK-NW,20,50
PK-NA,20,50
PK-BA,20,50
PK-JK,20,50
PK-TA,20,50
PW-004,30,40
PA-KY,30,40
PA-5,30,40
PA-8,30,40
PA-7,30,40
PA-1,30,40
PA-6,30,40
PA-4,30,40
PA-3,30,40
PA-10,30,40
PA-2,30,40
PA-9,30,40
PG-WPD,30,40
PG-CPM,30,40
PG-EHG,30,40
PG-MPL,30,40
PG-NPP,30,40
PG-ESW,30,40
PG-SHM,30,40
PG-MPM,30,40
PG-SAN,30,40
PG-MBA,30,40
PG-WBK,30,40
PG-NIK,30,40
PG-MRL,30,40
PG-EPW,30,40
PG-NSB,30,40
PG-CPK,30,40
PG-GPK,30,40
PG-HE,30,40
PG-WHM,30,40
PG-EBR,30,40
PG-NCD,30,40
PG-JI,30,40
PY-16,30,40
PY-1,30,40
PY-11,30,40
PY-8,30,40
PY-7,30,40
PY-10,30,40
PY-19,30,40
PY-12,30,40
PY-13,30,40
PE-HUC,30,40
PE-ICA,30,40
PE-MDD,30,40
PE-LOR,30,40
PE-SAM,30,40
PE-UCA,30,40
PE-ANC,30,40
PE-LAM,30,40
PE-AYA,30,40
PE-APU,30,40
PE-CUS,30,40
PE-LIM,30,40
PE-CAJ,30,40
PE-JUN,30,40
PE-PUN,30,40
PE-AMA,30,40
PE-MOQ,30,40
PE-TUM,30,40
PE-ARE,30,40
PE-LAL,30,40
PE-TAC,30,40
PE-PIU,30,40
PH-DAO,20,20
PH-AUR,20,20
PH-PLW,20,20
PH-ILI,20,20
PH-SUK,20,20
PH-MSR,20,20
PH-ZAN,20,20
PH-BAS,20,20
PH-ZMB,20,20
PH-PAM,20,20
PH-ILN,20,20
PH-U-A,0,10
PH-ALB,20,20
PH-CAV,20,20
PH-MDC,20,20
PH-SCO,20,20
PH-MAG,20,20
PH-DAV,20,20
PH-AGN,20,20
PH-SUR,20,20
PH-CAM,20,20
PH-LAN,20,20
PH-SLU,20,20
PH-LAS,20,20
PH-TAW,20,20
PH-MSC,20,20
PH-ZAS,20,20
PH-SUN,20,20
PH-ZSI,20,20
PH-BEN,20,20
PH-CAN,20,20
PH-CAS,20,20
PH-BTN,20,20
PH-LUN,20,20
PH-CAG,20,20
PH-CAT,20,20
PH-MAD,20,20
PH-ISA,20,20
PH-LEY,20,20
PH-NEC,20,20
PH-WSA,20,20
PH-NER,20,20
PH-AKL,20,20
PH-NSA,20,20
PH-MAS,20,20
PH-CEB,20,20
PH-CAP,20,20
PH-ANT,20,20
PH-BOH,20,20
PH-ROM,20,20
PH-BUK,20,20
PL-LU,2,30
PL-KP,2,30
PL-SL,2,30
PL-PM,2,30
PL-MA,2,30
PL-ZP,2,30
PL-LD,2,30
PL-MZ,2,30
PL-WP,2,30
PL-PK,2,30
PL-WN,2,30
PL-DS,2,30
PL-LB,2,30
PT-11,10,30
PT-20,10,30
PT-04,10,30
PT-02,10,30
PT-03,10,30
PT-17,10,30
PT-08,10,30
PT-30,10,30
PT-10,10,30
PT-13,10,30
PT-15,10,30
PT-18,10,30
PR-U-A,0,10
QA-DA,30,30
QA-RA,30,30
KR-49,0,10
KR-28,0,10
KR-46,0,10
KR-29,0,10
KR-45,0,10
KR-42,0,10
KR-48,0,10
KR-26,0,10
KR-31,0,10
KR-41,0,10
KR-11,0,10
KR-44,0,10
KR-47,0,10
KR-27,0,10
KR-43,0,10
RO-AR,30,40
RO-BC,30,40
RO-MM,30,40
RO-B,30,40
RO-CT,30,40
RO-CJ,30,40
RO-CS,30,40
RO-DJ,30,40
RO-IS,30,40
RO-BH,30,40
RO-SB,30,40
RO-SM,30,40
RO-SV,30,40
RO-TL,30,40
RO-MS,30,40
RO-TM,30,40
RU-PRI,20,30
RU-SA,20,30
RU-SAK,20,30
RU-CE,10,25
RU-VLG,10,25
RU-AMU,10,25
RU-KHA,10,25
RU-CHU,10,25
RU-MAG,10,25
RU-KAM,10,25
RU-CHI,10,25
RU-IRK,10,25
RU-BU,10,25
RU-ARK,10,25
RU-NEN,10,25
RU-SPE,10,25
RU-MUR,10,25
RU-NGR,10,25
RU-PSK,10,25
RU-KR,10,25
RU-LEN,10,25
RU-KGD,10,25
RU-KK,10,25
RU-ALT,10,25
RU-AL,10,25
RU-KEM,10,25
RU-KYA,10,25
RU-TY,10,25
RU-NVS,10,25
RU-OMS,10,25
RU-TOM,10,25
RU-KDA,10,25
RU-DA,10,25
RU-STA,10,25
RU-KB,10,25
RU-SE,10,25
RU-IN,10,25
RU-ROS,10,25
RU-AST,10,25
RU-KL,10,25
RU-VGG,10,25
RU-CHE,10,25
RU-BA,10,25
RU-YAN,10,25
RU-KHM,10,25
RU-UD,10,25
RU-KIR,10,25
RU-PER,10,25
RU-SVE,10,25
RU-TYU,10,25
RU-KGN,10,25
RU-KOS,10,25
RU-MOS,15,25
RU-KLU,10,25
RU-IVA,10,25
RU-YAR,10,25
RU-BRY,10,25
RU-TVE,10,25
RU-BEL,10,25
RU-KRS,10,25
RU-LIP,10,25
RU-VOR,10,25
RU-ORL,10,25
RU-TAM,10,25
RU-RYA,10,25
RU-TUL,10,25
RU-KO,10,25
RU-NIZ,10,25
RU-TA,10,25
RU-ME,10,25
RU-CU,10,25
RU-ULY,10,25
RU-ORE,10,25
RU-PNZ,10,25
RU-MO,10,25
RU-SAR,10,25
RU-SAM,10,25
RU-SMO,10,25
RW-04,5,5
RW-05,5,5
RW-01,5,5
RW-03,5,5
BL-U-A,0,10
KN-U-A,0,10
LC-02,30,40
LC-11,30,40
MF-U-A,30,40
PM-ML,30,40
PM-SP,30,40
VC-U-A,0,10
VC-06,30,40
VC-04,30,40
WS-VS,30,40
WS-AA,30,40
WS-TU,30,40
WS-PA,30,40
ST-P,30,40
ST-S,30,40
SA-14,30,40
SA-04,30,40
SA-11,30,40
SA-01,30,40
SA-09,30,40
SA-05,30,40
SA-08,30,40
SA-06,30,40
SA-02,30,40
SA-03,30,40
SA-10,30,40
SA-12,30,40
SA-07,30,40
SN-DK,30,40
SN-KD,30,40
SN-ZG,30,40
SN-FK,30,40
SN-SL,30,40
SN-TC,30,40
RS-00,1,30
RS-07,1,30
RS-20,1,30
RS-06,1,30
SC-15,30,40
SC-20,30,40
SC-14,30,40
SL-S,30,40
SL-W,30,40
SL-N,30,40
SL-E,30,40
SG-04,0,20
SG-03,0,20
SG-02,0,20
SX-U-A,0,10
SK-BL,30,40
SK-KI,30,40
SK-BC,30,40
SK-TA,30,40
SK-PV,30,40
SK-ZI,30,40
SI-061,30,40
SI-070,30,40
SI-090,30,40
SB-ML,30,40
SB-MK,30,40
SB-WE,30,40
SB-RB,30,40
SB-CH,30,40
SB-IS,30,40
SB-CT,30,40
SB-GU,30,40
SB-TE,30,40
SB-CE,30,40
SO-GA,30,40
SO-GE,30,40
SO-BR,30,40
SO-BY,30,40
SO-NU,30,40
SO-WO,30,40
SO-JH,30,40
SO-BN,30,40
SO-HI,30,40
SO-MU,30,40
SO-SA,30,40
SO-TO,30,40
ZA-NC,30,40
ZA-NP,30,40
ZA-EC,30,40
ZA-FS,30,40
ZA-WC,30,40
ZA-NL,30,40
ZA-GT,30,40
ZA-NW,30,40
ZA-MP,30,40
ZA-U-A,0,10
SS-23,30,40
SS-18,30,40
SS-17,30,40
SS-14,30,40
ES-CA,40,50
ES-CN,40,50
ES-CE,40,50
ES-ML,40,50
ES-CM,40,50
ES-V,40,50
ES-AN,40,50
ES-O,40,50
ES-PV,40,50
ES-CL,40,50
ES-CT,40,50
ES-EX,40,50
ES-CS,40,50
ES-GA,40,50
ES-M,80,50
ES-GE,40,50
ES-AR,40,50
ES-PM,40,50
ES-MU,40,50
ES-LO,40,50
ES-NA,40,50
ES-S,30,40
LK-5,0,10
LK-1,0,10
LK-6,0,10
LK-2,0,10
LK-3,0,10
LK-4,0,10
LK-7,0,10
SD-DE,30,40
SD-13,30,40
SD-04,30,40
SD-01,30,40
SD-24,30,40
SD-02,30,40
SD-06,30,40
SD-25,30,40
SD-12,30,40
SD-05,30,40
SD-08,30,40
SD-09,30,40
SD-11,30,40
SD-26,30,40
SD-03,30,40
SD-07,30,40
SR-SI,2,10
SR-MA,2,10
SR-CR,2,10
SR-PR,2,10
SR-NI,2,10
SR-PM,2,10
SE-K,20,30
SE-Q,20,30
SE-F,20,30
SE-T,20,30
SE-W,20,30
SE-D,20,30
SE-M,20,30
SE-H,20,30
SE-N,20,30
SE-G,20,30
SE-Z,20,30
SE-BD,20,30
SE-X,20,30
SE-Y,20,30
SE-AC,20,30
SE-S,20,30
SE-U,20,30
SE-AB,20,30
SE-E,20,30
SE-I,20,30
CH-GE,30,25
CH-VD,30,25
CH-NE,30,25
CH-VS,30,25
CH-LU,30,25
CH-BE,30,25
CH-TI,30,25
CH-NW,30,25
CH-SO,30,25
CH-ZH,30,25
CH-SG,30,25
CH-GR,30,25
SY-HL,30,40
SY-DI,30,40
SY-DY,30,40
SY-HA,30,40
SY-LA,30,40
SY-HI,30,40
TJ-RR,30,40
TJ-KT,30,40
TJ-SU,30,40
TH-80,0,10
TH-24,0,4
TH-10,0,4
TH-16,0,4
TH-72,0,4
TH-23,0,4
TH-21,0,4
TH-50,0,4
TH-58,0,4
TH-52,0,4
TH-55,0,4
TH-54,0,4
TH-57,0,4
TH-41,0,4
TH-67,0,4
TH-76,0,4
TH-60,0,4
TH-63,0,4
TH-64,0,4
TH-65,0,4
TH-53,0,4
TH-84,0,4
TH-96,0,4
TH-86,0,4
TH-40,0,4
TH-81,0,4
TH-90,0,4
TH-94,0,4
TH-83,0,4
TH-85,0,4
TH-92,0,4
TH-47,0,4
TH-32,0,4
TH-40,0,4
TH-42,0,4
TH-31,0,4
TH-30,0,4
TH-34,0,4
TH-45,0,4
TH-48,0,4
TH-20,0,4
TL-LA,30,40
TL-DI,30,40
TL-CO,30,40
TL-BA,30,40
TL-BO,30,40
TL-OE,30,40
TL-VI,30,40
TG-K,30,40
TG-M,30,40
TO-01,30,40
TO-04,30,40
TO-02,30,40
TO-03,30,40
TO-05,30,40
TT-WTO,30,40
TT-TUP,30,40
TN-32,30,40
TN-52,30,40
TN-11,30,40
TN-71,30,40
TN-81,30,40
TN-82,30,40
TN-83,30,40
TN-61,30,40
TN-72,30,40
TN-51,30,40
TR-17,40,20
TR-06,40,20
TR-01,40,20
TR-03,40,20
TR-07,40,20
TR-27,40,20
TR-37,40,20
TR-42,40,20
TR-05,40,20
TR-58,40,20
TR-67,40,20
TR-44,40,20
TR-38,40,20
TR-60,40,20
TR-20,40,20
TR-50,40,20
TR-34,40,20
TR-09,40,20
TR-16,40,20
TR-10,40,20
TR-26,40,20
TR-35,40,20
TR-64,40,20
TR-41,40,20
TR-48,40,20
TR-59,40,20
TR-43,40,20
TR-23,40,20
TR-21,40,20
TR-24,40,20
TR-25,40,20
TR-36,40,20
TR-61,40,20
TR-63,40,20
TR-65,40,20
TR-72,40,20
TR-49,40,20
TR-56,40,20
TR-57,40,20
TR-46,40,20
TR-04,40,20
TR-02,40,20
TR-47,40,20
TR-73,40,20
TR-30,40,20
TR-31,40,20
TR-32,40,20
TR-55,40,20
TR-12,40,20
TR-52,40,20
TR-76,40,20
TM-B,30,40
TM-A,30,40
TM-M,30,40
TM-D,30,40
TM-L,30,40
TC-GT,30,40
TC-MC,30,40
TC-NC,30,40
TC-PN,30,40
TC-PR,30,40
TC-SC,30,40
TC-SL,30,40
TV-FUN,30,40
UG-303,30,40
UG-102,30,40
UG-304,30,40
UG-204,30,40
UG-409,30,40
UG-406,30,40
UG-410,30,40
UG-211,30,40
UG-212,30,40
UG-309,30,40
UA-53,2,15
UA-32,2,15
UA-14,2,15
UA-09,2,15
UA-23,2,15
UA-12,2,15
UA-43,2,15
UA-63,2,15
UA-59,2,15
UA-71,2,15
UA-35,2,15
UA-18,2,15
UA-07,2,15
UA-68,2,15
UA-26,2,15
UA-46,2,15
UA-77,2,15
UA-19,2,15
UA-21,2,15
UA-65,2,15
UA-48,2,15
UA-51,2,15
UA-74,2,15
UA-05,2,15
AE-DU,5,20
AE-AZ,0,10
AE-FU,0,10
AE-RK,0,10
AE-SH,0,10
GB-NIR,60,50
GB-ENG,40,60
GB-SCT,60,50
GB-WLS,60,50
GB-U-A,0,10
US-FL,20,40
US-AK,30,40
US-CO,20,50
US-TX,20,40
US-MA,40,60
US-CA,20,80
US-AZ,30,50
US-IN,10,40
US-WA,10,40
US-IL,80,45
US-MO,30,70
US-LA,50,50
US-NY,320,50
US-OK,10,70
US-NC,10,40
US-PA,80,45
US-AL,10,40
US-NJ,20,40
US-MN,10,70
US-DC,10,30
US-OR,30,40
US-KY,10,70
US-CT,40,50
US-VA,10,40
US-NV,30,60
US-HI,30,20
US-MT,30,40
US-IA,10,70
US-MD,10,60
US-NE,30,40
US-MI,60,45
US-UT,30,40
US-WI,10,70
US-SD,30,40
US-NM,20,70
US-GA,40,40
US-NH,10,30
US-WY,30,40
US-AR,10,60
US-SC,10,40
US-OH,10,60
US-KS,30,40
US-TN,10,40
US-ND,30,40
US-ME,30,40
US-RI,10,45
US-MS,10,40
US-WV,30,40
US-ID,30,40
US-VT,30,40
US-DE,10,30
UY-AR,30,40
UY-CO,30,40
UY-DU,30,40
UY-MA,30,40
UY-CL,30,40
UY-CA,30,40
UY-PA,30,40
UY-RV,30,40
UY-SA,30,40
UY-TA,30,40
UY-TT,30,40
UY-RO,30,40
UZ-AN,30,40
UZ-FA,30,40
UZ-NG,30,40
UZ-QR,30,40
UZ-XO,30,40
UZ-NW,30,40
UZ-BU,30,40
UZ-QA,30,40
UZ-SA,30,40
UZ-SU,30,40
UZ-TO,30,40
VU-TOB,30,40
VU-SEE,30,40
VU-MAP,30,40
VU-PAM,30,40
VU-SAM,30,40
VU-TAE,30,40
VN-U-A,0,5
VN-52,0,5
VN-24,0,5
VN-28,0,5
VN-33,0,5
VN-29,0,5
VN-61,0,5
VN-59,0,5
VN-34,0,5
VN-43,0,5
VN-02,0,5
VN-01,0,5
VN-35,0,5
VN-60,0,5
VN-15,0,5
VN-05,0,5
VN-56,0,5
VN-31,0,5
VN-30,0,5
VN-47,0,5
VN-07,0,5
VN-40,0,5
VN-49,0,5
VN-23,0,5
VN-21,0,5
VN-26,0,5
VN-44,0,5
VN-13,0,5
EH-U-A,0,10
YE-AD,30,40
YE-SN,30,40
YE-AB,30,40
YE-BA,30,40
YE-SD,30,40
YE-MR,30,40
YE-HU,30,40
YE-MA,30,40
YE-HD,30,40
YE-TA,30,40
ZM-05,30,40
ZM-03,30,40
ZM-09,30,40
ZM-08,30,40
ZM-01,30,40
ZM-07,30,40
ZM-04,30,40
ZM-06,30,40
ZW-MW,30,40
ZW-BU,30,40
ZW-MA,30,40
ZW-MV,30,40
ZW-MN,30,40
ZW-HA,30,40
ZW-MI,30,40
RE-U-A,0,5
VE-W,0,10
VE-Z,30,40
VE-B,30,40
VE-C,30,40
VE-D,30,40
VE-E,30,40
VE-F,30,40
VE-G,30,40
VE-H,30,40
VE-Y,30,40
VE-I,30,40
VE-J,30,40
VE-K,30,40
VE-L,30,40
VE-M,30,40
VE-N,30,40
VE-O,30,40
VE-P,30,40
VE-R,30,40
VE-S,30,40
VE-T,30,40
VE-X,30,40
VE-U,30,40
VE-V,30,40
TZ-01,30,40
TZ-02,30,40
TZ-03,30,40
TZ-27,30,40
TZ-04,30,40
TZ-05,30,40
TZ-06,30,40
TZ-07,30,40
TZ-28,30,40
TZ-08,30,40
TZ-09,30,40
TZ-10,30,40
TZ-11,30,40
TZ-12,30,40
TZ-26,30,40
TZ-13,30,40
TZ-14,30,40
TZ-15,30,40
TZ-16,30,40
TZ-17,30,40
TZ-18,30,40
TZ-29,30,40
TZ-19,30,40
TZ-20,30,40
TZ-21,30,40
TZ-22,30,40
TZ-30,30,40
TZ-23,30,40
TZ-31,30,40
TZ-24,30,40
TZ-25,30,40
MD-GA,30,40
MD-BA,30,40
MD-BD,30,40
MD-CU,30,40
MD-AN,30,40
MD-BS,30,40
MD-BR,30,40
MD-CA,30,40
MD-CT,30,40
MD-CL,30,40
MD-CS,30,40
MD-CM,30,40
MD-CR,30,40
MD-DO,30,40
MD-DR,30,40
MD-DU,30,40
MD-ED,30,40
MD-FA,30,40
MD-FL,30,40
MD-GL,30,40
MD-HI,30,40
MD-IA,30,40
MD-LE,30,40
MD-NI,30,40
MD-OC,30,40
MD-OR,30,40
MD-RE,30,40
MD-RI,30,40
MD-SI,30,40
MD-SO,30,40
MD-ST,30,40
MD-SD,30,40
MD-SV,30,40
MD-TA,30,40
MD-TE,30,40
MD-UN,30,40
MD-SN,30,40
FR-RE,0,10
