AF-ORU,3,40
AF-PIA,3,40
AF-HEL,3,40
AF-LOW,3,40
AF-BAM,3,40
AF-GHO,3,40
AF-GHA,3,40
AF-BDS,3,40
AF-FRA,3,40
AF-HER,3,40
AF-PAR,3,40
AF-NAN,3,40
AF-KAB,3,40
AF-KAN,3,40
AF-FYB,3,40
AF-BAL,3,40
AF-PKA,3,40
AF-BDG,3,40
AF-TAK,3,40
AF-KDZ,3,40
AF-NIM,3,40
AL-11,3,40
DZ-27,3,30
DZ-09,3,30
DZ-28,3,30
DZ-06,3,30
DZ-35,3,30
DZ-33,3,30
DZ-19,3,30
DZ-11,3,30
DZ-18,3,30
DZ-45,3,30
DZ-36,3,30
DZ-25,3,30
DZ-04,3,30
DZ-21,3,30
DZ-12,3,30
DZ-05,3,30
DZ-03,3,30
DZ-17,3,30
DZ-14,3,30
DZ-37,3,30
DZ-02,3,30
DZ-31,3,30
DZ-13,3,30
DZ-08,3,30
DZ-22,3,30
DZ-29,3,30
DZ-32,3,30
DZ-01,3,30
DZ-07,3,30
DZ-47,3,30
DZ-30,3,30
DZ-39,3,30
AS-U-A,3,40
AD-07,3,40
AO-BIE,3,40
AO-MOX,3,40
AO-CCU,3,40
AO-HUA,3,40
AO-MAL,3,40
AO-CNO,3,40
AO-BGO,3,40
AO-ZAI,3,40
AO-BGU,3,40
AO-CAB,3,40
AO-LNO,3,40
AO-CNN,3,40
AO-LUA,3,40
AO-NAM,3,40
AO-UIG,3,40
AO-CUS,3,40
AO-LSU,3,40
AO-HUI,3,40
AI-U-A,3,40
AG-03,3,40
AG-10,3,40
AR-B,3,40
AR-Z,3,40
AR-H,3,40
AR-R,3,40
AR-S,3,40
AR-U,3,40
AR-Q,3,40
AR-E,3,40
AR-C,3,40
AR-X,3,40
AR-M,3,40
AR-K,3,40
AR-G,3,40
AR-F,3,40
AR-T,3,40
AR-J,3,40
AR-D,3,40
AR-W,3,40
AR-P,3,40
AR-N,3,40
AR-A,3,40
AR-Y,3,40
AR-V,3,40
AR-L,3,40
AM-SH,3,40
AM-ER,3,40
AW-U-A,3,40
AU-WA,0,10
AU-NT,0,10
AU-QLD,0,10
AU-SA,0,10
AU-VIC,4,20
AU-TAS,0,10
AU-NSW,0,10
AU-ACT,0,10
AT-8,5,25
AT-6,5,25
AT-7,5,25
AT-2,5,25
AT-4,5,25
AT-5,5,25
AT-9,5,25
AZ-BA,3,40
AZ-GA,3,40
AZ-LA,3,40
AZ-NX,3,40
AZ-QAB,3,40
AZ-ZAQ,3,40
AZ-YE,3,40
BS-BI,3,40
BS-KB,3,40
BS-NB,3,40
BS-MH,3,40
BS-AC,3,40
BS-GT,3,40
BS-CI,3,40
BS-EX,3,40
BS-HI,3,40
BS-GH,3,40
BS-RS,3,40
BS-FP,3,40
BS-HR,3,40
BS-IN,3,40
BS-LI,3,40
BS-MG,3,40
BS-NP,3,40
BS-RI,3,40
BS-SR,3,40
BH-15,3,40
BD-4,3,40
BD-1,3,40
BD-2,3,40
BD-5,3,40
BD-6,3,40
BD-3,3,40
BB-01,0,20
BY-BR,3,40
BY-HO,3,40
BY-VI,3,40
BY-HR,3,40
BY-MI,3,40
BY-MA,3,40
BE-VAN,3,50
BE-BRU,3,50
BE-WHT,3,50
BE-VWV,3,50
BE-WLG,3,50
BZ-CY,3,40
BZ-SC,3,40
BZ-BZ,3,40
BZ-CZL,3,40
BZ-OW,3,40
BZ-TOL,3,40
BJ-AQ,3,40
BJ-DO,3,40
BJ-AL,3,40
BJ-AK,3,40
BJ-BO,3,40
BJ-CO,3,40
BM-U-A,3,40
BT-41,3,40
BT-33,3,40
BT-31,3,40
BT-11,3,40
BQ-U-A,3,40
BA-SRP,3,40
BA-BIH,3,40
BW-KG,3,40
BW-NE,3,40
BW-GH,3,40
BW-SO,3,40
BW-NW,3,40
BW-SE,3,40
BW-CE,3,40
BR-PA,3,40
BR-MT,3,40
BR-RS,3,40
BR-CE,3,40
BR-MA,3,40
BR-TO,3,40
BR-SP,3,40
BR-SE,3,40
BR-MG,3,40
BR-PR,3,40
BR-DF,3,40
BR-RR,3,40
BR-RJ,3,40
BR-SC,3,40
BR-MS,3,40
BR-GO,3,40
BR-BA,3,40
BR-AC,3,40
BR-AM,3,40
BR-PE,3,40
BR-RO,3,40
BR-PB,3,40
BR-AL,3,40
BR-AP,3,40
BR-RN,3,40
BR-PI,3,40
BR-ES,3,40
BN-BM,3,40
BG-26,3,40
BG-28,3,40
BG-02,3,40
BG-04,3,40
BG-16,3,40
BG-18,3,40
BG-23,3,40
BG-19,3,40
BG-24,3,40
BG-25,3,40
BG-03,3,40
BF-SMT,3,40
BF-YAT,3,40
BF-SOM,3,40
BF-SIS,3,40
BF-NAO,3,40
BF-NAM,3,40
BF-GNA,3,40
BF-TAP,3,40
BF-SEN,3,40
BF-GOU,3,40
BF-OUD,3,40
BF-KMP,3,40
BF-BLG,3,40
BF-KAD,3,40
BF-COM,3,40
BF-MOU,3,40
BF-PON,3,40
BF-KOS,3,40
BF-HOU,3,40
BF-SOR,3,40
BF-BGR,3,40
BI-BJ,3,40
BI-GI,3,40
BI-U-A,3,40
KH-7,0,5
KH-13,0,5
KH-2,0,5
KH-4,0,5
KH-9,0,5
KH-10,0,5
KH-11,0,5
KH-8,0,5
KH-16,0,5
KH-17,0,5
KH-19,0,5
KH-18,0,5
KH-15,0,5
CM-LT,3,40
CM-SU,3,40
CM-SW,3,40
CM-NW,3,40
CM-EN,3,40
CM-ES,3,40
CM-OU,3,40
CM-AD,3,40
CM-NO,3,40
CM-CE,3,40
CA-NB,0,40
CA-YT,0,40
CA-QC,4,50
CA-NU,0,10
CA-MB,0,10
CA-NT,0,10
CA-NL,0,10
CA-ON,1,50
CA-BC,0,50
CA-AB,1,50
CA-SK,0,10
CA-NS,0,10
CA-PE,0,10
KY-U-A,3,40
CF-HS,3,40
CF-MP,3,40
CF-MB,3,40
CF-VR,3,40
CF-UK,3,40
CF-BB,3,40
CF-NM,3,40
CF-HK,3,40
CF-AC,3,40
CF-HM,3,40
CF-OP,3,40
TD-SA,3,40
TD-MC,3,40
TD-MK,3,40
TD-OD,3,40
TD-LO,3,40
TD-TA,3,40
TD-BA,3,40
TD-CB,3,40
TD-LC,3,40
TD-GR,3,40
TD-KA,3,40
TD-BET,3,40
CL-LL,3,40
CL-VS,3,40
CL-AP,3,40
CL-AI,3,40
CL-AT,3,40
CL-AN,3,40
CL-MA,3,40
CL-BI,3,40
CL-CO,3,40
CL-TA,3,40
CL-RM,3,40
CL-ML,3,40
CL-AR,3,40
CL-LI,3,40
CL-LR,3,40
CN-15,0,3
CN-51,0,3
CN-13,0,3
CN-64,0,3
CN-53,0,3
CN-50,0,3
CN-54,0,3
CN-44,0,3
CN-36,0,3
CN-45,0,3
CN-37,0,3
CN-21,0,3
CN-65,0,3
CN-62,0,3
CN-32,0,3
CN-22,0,3
CN-23,0,3
CN-63,0,3
CN-41,0,3
CN-34,0,3
CN-35,0,3
CN-43,0,3
CN-11,0,3
CN-14,0,3
CN-42,4,45
CN-61,0,3
CN-12,0,3
CN-46,0,3
CN-U-A,0,3
CN-33,0,3
CN-31,0,3
CN-52,0,3
HK-U-A,2,4
MO-U-A,2,4
TW-X-KM,0,5
TW-X-LK,0,5
TW-TTT,0,5
TW-KHH,0,5
TW-CYQ,0,5
TW-PIF,0,5
TW-TXG,0,5
TW-TNN,0,5
TW-HSZ,0,5
TW-PEN,0,5
TW-TPE,0,5
TW-TAO,0,5
TW-HUA,0,5
CO-CUN,3,40
CO-ARA,3,40
CO-AMA,3,40
CO-SAN,3,40
CO-MET,3,40
CO-ANT,3,40
CO-CAQ,3,40
CO-CAS,3,40
CO-CES,3,40
CO-CHO,3,40
CO-COR,3,40
CO-GUA,3,40
CO-HUI,3,40
CO-NAR,3,40
CO-TOL,3,40
CO-VAC,3,40
CO-VAU,3,40
CO-VID,3,40
CO-QUI,3,40
CO-PUT,3,40
CO-MAG,3,40
CO-ATL,3,40
CO-NSA,3,40
CO-BOL,3,40
CO-SUC,3,40
CO-CAU,3,40
CO-LAG,3,40
CO-GUV,3,40
CO-CAL,3,40
CO-RIS,3,40
CO-SAP,3,40
CO-BOY,3,40
KM-G,3,40
KM-M,3,40
KM-A,3,40
CG-8,3,40
CG-12,3,40
CG-14,3,40
CG-11,3,40
CG-2,3,40
CG-9,3,40
CG-7,3,40
CG-13,3,40
CG-5,3,40
CK-U-A,3,40
CR-A,3,40
CR-L,3,40
CR-P,3,40
CR-G,3,40
CR-SJ,3,40
CR-H,3,40
HR-19,3,40
HR-08,3,40
HR-14,3,40
HR-18,3,40
HR-17,3,40
HR-21,3,40
HR-13,3,40
CU-11,3,40
CU-14,3,40
CU-07,3,40
CU-12,3,40
CU-08,3,40
CU-06,3,40
CU-99,3,40
CU-09,3,40
CU-04,3,40
CU-13,3,40
CU-03,3,40
CU-01,3,40
CU-02,3,40
CU-05,3,40
CU-10,3,40
CY-03,3,40
CY-02,3,40
CY-04,3,40
CY-06,3,40
CZ-ZL,3,40
CZ-KA,3,40
CZ-MO,3,40
CZ-OL,3,40
CZ-PA,3,40
CZ-PR,3,40
CZ-JM,3,40
CZ-ST,3,40
CI-13,3,40
CI-01,3,40
CI-05,3,40
CI-03,3,40
CI-04,3,40
CI-08,3,40
CI-11,3,40
CI-02,3,40
CI-19,3,40
CI-09,3,40
CI-06,3,40
CI-10,3,40
CI-14,3,40
CI-17,3,40
CI-07,3,40
KP-10,0,0
KP-09,0,0
KP-01,0,0
KP-08,0,0
KP-07,0,0
DK-82,3,40
DK-83,3,40
DK-84,3,40
DK-81,3,40
DK-85,3,40
DJ-DJ,3,40
DJ-AS,3,40
DJ-OB,3,40
DJ-TA,3,40
DM-10,3,40
DM-02,3,40
DO-04,3,40
DO-16,3,40
DO-20,3,40
DO-13,3,40
DO-01,3,40
DO-12,3,40
DO-11,3,40
DO-18,3,40
DO-22,3,40
DO-25,3,40
EC-S,4,45
EC-T,4,45
EC-D,4,45
EC-A,4,45
EC-W,4,45
EC-G,4,45
EC-M,4,45
EC-X,4,45
EC-L,4,45
EC-O,4,45
EC-U,4,45
EC-P,4,45
EC-Y,4,45
EC-E,4,45
EC-C,4,45
EC-N,4,45
EG-JS,3,30
EG-C,3,30
EG-MT,3,30
EG-MN,3,30
EG-SIN,3,30
EG-WAD,3,30
EG-ALX,3,30
EG-ASN,3,30
EG-GZ,3,30
EG-BA,3,30
EG-KN,3,30
EG-SHG,3,30
EG-SHR,3,30
SV-PA,3,40
GQ-AN,3,40
GQ-LI,3,40
GQ-WN,3,40
GQ-BN,3,40
GQ-CS,3,40
ER-SK,3,40
ER-DK,3,40
ER-GB,3,40
EE-39,3,40
EE-74,3,40
EE-67,3,40
EE-37,3,40
EE-7B,3,40
ET-SO,3,40
ET-TI,3,40
ET-AA,3,40
ET-SN,3,40
ET-AM,3,40
ET-BE,3,40
ET-GA,3,40
ET-DD,3,40
ET-OR,3,40
ET-AF,3,40
FM-TRK,3,40
FM-KSA,3,40
FM-PNI,3,40
FM-YAP,3,40
FK-U-A,3,40
FO-U-A,3,40
FJ-W,3,40
FJ-N,3,40
FJ-E,3,40
FJ-C,3,40
FJ-R,3,40
FI-LL,2,30
FI-LS,2,30
FI-ES,2,30
FI-IS,2,30
FI-OL,2,30
FI-AL,2,30
FR-L,2,40
FR-U,2,40
FR-Q,2,40
FR-O,2,40
FR-S,2,40
FR-B,2,40
FR-T,2,40
FR-N,2,40
FR-R,2,40
FR-A,2,40
FR-I,2,40
FR-V,2,40
FR-C,2,40
FR-M,2,40
FR-H,2,40
FR-D,2,40
FR-F,2,40
FR-K,2,40
FR-G,2,40
FR-J,12,40
FR-E,2,40
FR-P,2,40
GF-CY,3,40
GF-SL,3,40
PF-U-A,3,40
GA-3,3,40
GA-8,3,40
GA-6,3,40
GA-4,3,40
GA-5,3,40
GA-7,3,40
GA-9,3,40
GA-2,3,40
GA-1,3,40
GM-W,3,40
GE-IM,3,40
GE-AJ,3,40
GE-AB,3,40
GE-TB,3,40
DE-BR,4,40
DE-BW,4,20
DE-TH,4,20
DE-MV,4,20
DE-SN,4,20
DE-ST,4,20
DE-HE,4,20
DE-NW,4,20
DE-HH,4,20
DE-BE,4,20
DE-BY,4,20
DE-SL,4,20
DE-NI,4,20
DE-HB,4,20
DE-RP,4,20
DE-SH,4,20
GH-AA,3,40
GH-NP,3,40
GH-AH,3,40
GH-BA,3,40
GH-WP,3,40
GI-U-A,3,40
GR-14,3,20
GR-01,3,20
GR-71,3,20
GR-A1,3,20
GR-43,3,20
GR-85,3,20
GR-11,3,20
GR-84,3,20
GR-33,3,20
GR-91,3,20
GR-56,3,20
GR-23,3,20
GR-81,3,20
GR-17,3,20
GR-22,3,20
GR-55,3,20
GR-58,3,20
GR-83,3,20
GR-42,3,20
GR-82,3,20
GR-34,3,20
GR-13,3,20
GR-94,3,20
GR-16,3,20
GR-92,3,20
GR-04,3,20
GR-54,3,20
GR-21,3,20
GL-U-A,3,40
GD-GE,3,40
GD-PA,3,40
GP-U-A,3,40
GU-U-A,3,40
GT-CQ,3,40
GT-PE,3,40
GT-ES,3,40
GT-QC,3,40
GT-AV,3,40
GT-QZ,3,40
GT-GU,3,40
GT-HU,3,40
GT-IZ,3,40
GT-RE,3,40
GN-C,3,40
GN-B,3,40
GN-F,3,40
GN-L,3,40
GN-N,3,40
GN-K,3,40
GW-BL,3,40
GW-BS,3,40
GY-BA,3,40
GY-PT,3,40
GY-UT,3,40
GY-CU,3,40
GY-DE,3,40
GY-EB,3,40
HT-SD,3,40
HT-ND,3,40
HT-SE,3,40
HT-GA,3,40
HT-OU,3,40
HT-NO,3,40
HN-LE,3,40
HN-CR,3,40
HN-GD,3,40
HN-OL,3,40
HN-LP,3,40
HN-YO,3,40
HN-CL,3,40
HN-AT,3,40
HN-IN,3,40
HN-IB,3,40
HN-CP,3,40
HN-CM,3,40
HN-FM,3,40
HU-PE,2,10
HU-HB,2,10
HU-BZ,2,10
HU-BA,2,10
HU-ZA,2,10
HU-SO,2,10
IS-6,3,40
IS-4,3,40
IS-7,3,40
IS-5,3,40
IS-3,3,40
IS-8,3,40
IS-2,3,40
IS-1,3,40
IN-KA,3,40
IN-CT,3,40
IN-TN,3,40
IN-JK,3,40
IN-AR,3,40
IN-MM,3,40
IN-TG,3,40
IN-MP,3,40
IN-GJ,3,40
IN-DD,3,40
IN-GA,3,40
IN-RJ,3,40
IN-TR,3,40
IN-WB,3,40
IN-ML,3,40
IN-OR,3,40
IN-BR,3,40
IN-UP,3,40
IN-AS,3,40
IN-MN,3,40
IN-JH,3,40
IN-MZ,3,40
IN-NL,3,40
IN-AP,3,40
IN-PB,3,40
IN-HP,3,40
IN-CH,3,40
IN-UL,3,40
IN-DL,3,40
IN-HR,3,40
IN-LD,3,40
IN-KL,3,40
IN-AN,3,40
IN-U-A,3,40
ID-PA,3,30
ID-JB,3,30
ID-JI,3,30
ID-PB,3,30
ID-LA,3,30
ID-ST,3,30
ID-KI,3,30
ID-JA,3,30
ID-JT,3,30
ID-NT,3,30
ID-NB,3,30
ID-SS,3,30
ID-KU,3,30
ID-SG,3,30
ID-SB,3,30
ID-BA,3,30
ID-KT,3,30
ID-MA,3,30
ID-SN,3,30
ID-MU,3,30
ID-GO,3,30
ID-SA,3,30
ID-KS,3,30
ID-YO,3,30
ID-RI,3,30
ID-JK,3,30
ID-BT,3,30
ID-SU,3,30
ID-BB,3,30
ID-KB,3,30
ID-BE,3,30
ID-AC,3,30
IR-02,3,40
IR-23,3,40
IR-10,3,40
IR-18,3,40
IR-06,3,40
IR-17,3,40
IR-05,3,40
IR-20,3,40
IR-16,3,40
IR-04,3,40
IR-08,3,40
IR-19,3,40
IR-24,3,40
IR-22,3,40
IR-07,3,40
IR-28,3,40
IR-U-A,3,40
IR-12,3,40
IR-15,3,40
IR-29,3,40
IR-30,3,40
IR-31,3,40
IR-25,3,40
IR-27,3,40
IR-21,3,40
IR-14,3,40
IR-03,3,40
IR-01,3,40
IR-11,3,40
IR-13,3,40
IQ-AN,3,40
IQ-DA,3,40
IQ-SD,3,40
IQ-BG,3,40
IQ-NI,3,40
IQ-AR,3,40
IQ-TS,3,40
IQ-BA,3,40
IQ-NA,3,40
IQ-SW,3,40
IE-C,1,35
IE-MO,1,35
IE-G,1,35
IE-DL,1,35
IE-D,1,35
IE-KK,1,35
IE-KY,1,35
IE-CE,1,35
IE-SO,1,35
IE-WD,1,35
IM-U-A,3,40
IL-M,3,40
IL-D,3,40
IL-HA,3,40
IL-Z,3,40
IL-TA,3,40
IT-75,3,50
IT-65,3,50
IT-78,3,50
IT-82,3,50
IT-34,3,50
IT-45,3,50
IT-88,3,50
IT-25,10,50
IT-21,3,50
IT-42,3,50
IT-23,3,50
IT-36,3,50
IT-32,3,50
IT-57,3,50
IT-52,3,50
IT-62,3,50
IT-72,3,50
IT-55,5,50
JM-05,3,40
JM-01,3,40
JM-08,3,40
JM-04,3,40
JM-09,3,40
JM-02,3,40
JP-47,0,20
JP-39,0,20
JP-12,0,20
JP-20,0,20
JP-08,0,20
JP-13,0,20
JP-27,0,20
JP-30,0,20
JP-28,0,20
JP-34,0,20
JP-01,0,20
JP-43,0,20
JP-42,0,20
JP-35,0,20
JP-46,0,20
JP-40,0,20
JP-45,0,20
JP-44,0,20
JP-41,0,20
JP-23,0,20
JP-18,0,20
JP-21,0,20
JP-17,0,20
JP-32,0,20
JP-22,0,20
JP-16,0,20
JP-33,0,20
JP-38,0,20
JP-31,0,20
JP-36,0,20
JP-37,0,20
JP-02,0,20
JP-06,0,20
JP-15,0,20
JP-07,0,20
JP-03,0,20
JP-05,0,20
JP-04,0,20
JO-AM,3,40
JO-AQ,3,40
JO-MA,3,40
KZ-KAR,2,40
KZ-ALM,2,40
KZ-BAY,2,40
KZ-AKM,2,40
KZ-SEV,2,40
KZ-ZHA,2,40
KZ-YUZ,2,40
KZ-KZY,2,40
KZ-ZAP,2,40
KZ-PAV,2,40
KZ-VOS,2,40
KZ-MAN,2,40
KZ-ATY,2,40
KZ-AKT,2,40
KZ-KUS,2,40
KE-300,3,30
KE-700,3,30
KE-500,3,30
KE-110,3,30
KE-900,3,30
KE-600,3,30
KE-400,3,30
KE-200,3,30
KI-G,3,40
KI-P,3,40
KI-L,3,40
KW-AH,3,40
KW-FA,3,40
KG-Y,2,20
KG-C,2,20
KG-O,2,20
LA-PH,0,10
LA-AT,0,10
LA-BK,0,10
LA-LP,0,10
LA-LM,0,10
LA-OU,0,10
LA-CH,0,10
LA-XA,0,10
LA-SV,0,10
LA-HO,0,10
LA-SL,0,10
LA-KH,0,10
LA-VT,0,10
LA-XI,0,10
LV-DA,3,40
LV-LE,3,40
LV-RIX,3,40
LV-VEN,3,40
LB-JL,3,40
LB-AS,3,40
LS-H,3,40
LS-C,3,40
LS-F,3,40
LS-E,3,40
LS-J,3,40
LS-A,3,40
LS-G,3,40
LS-K,3,40
LR-LO,3,40
LR-GB,3,40
LR-MY,3,40
LR-SI,3,40
LR-MO,3,40
LR-NI,3,40
LR-MG,3,40
LR-GK,3,40
LR-GG,3,40
LR-RI,3,40
LY-SR,3,40
LY-BU,3,40
LY-GT,3,40
LY-KF,3,40
LY-BA,3,40
LY-TB,3,40
LY-JA,3,40
LY-SB,3,40
LY-WA,3,40
LY-JU,3,40
LY-NL,3,40
LY-JG,3,40
LY-NQ,3,40
LY-SH,3,40
LY-DR,3,40
LY-MI,3,40
LT-KU,3,40
LT-KL,3,40
LT-PN,3,40
LT-SA,3,40
LT-VL,3,40
LU-L,3,40
MG-U,3,40
MG-M,3,40
MG-T,3,40
MG-A,3,40
MG-D,3,40
MG-F,3,40
MW-RU,3,40
MW-BL,3,40
MW-MG,3,40
MW-NK,3,40
MW-KR,3,40
MW-KS,3,40
MW-LI,3,40
MW-LK,3,40
MW-SA,3,40
MW-MZ,3,40
MW-MH,3,40
MY-12,0,20
MY-13,0,20
MY-01,0,20
MY-15,0,20
MY-06,0,20
MY-08,0,20
MY-02,0,20
MY-07,0,20
MY-03,0,20
MY-11,0,20
MY-14,0,20
MY-04,0,20
MY-10,0,20
MV-13,3,40
MV-20,3,40
MV-29,3,40
MV-01,3,40
MV-23,3,40
MV-05,3,40
MV-MLE,3,40
MV-27,3,40
MV-28,3,40
MV-17,3,40
MV-08,3,40
ML-2,3,40
ML-6,3,40
ML-7,3,40
ML-1,3,40
ML-3,3,40
ML-5,3,40
MT-62,3,40
MT-25,3,40
MH-UTI,3,40
MH-ALL,3,40
MH-KWA,3,40
MH-EBO,3,40
MH-MIL,3,40
MH-NMU,3,40
MH-ALK,3,40
MH-AUR,3,40
MH-BIK,3,40
MH-MAL,3,40
MH-LIK,3,40
MH-LAE,3,40
MH-MEJ,3,40
MH-NMK,3,40
MH-RON,3,40
MH-ARN,3,40
MH-JAL,3,40
MH-WTJ,3,40
MH-WTN,3,40
MH-ENI,3,40
MH-MAJ,3,40
MH-KIL,3,40
MH-UJA,3,40
MQ-U-A,3,40
MR-07,3,40
MR-02,3,40
MR-06,3,40
MR-09,3,40
MR-05,3,40
MR-03,3,40
MR-01,3,40
MR-12,3,40
MR-04,3,40
MR-NKC,3,40
MR-10,3,40
MR-11,3,40
MR-08,3,40
MU-GP,3,40
MU-VP,3,40
YT-U-A,3,40
MX-SON,3,40
MX-BCN,3,40
MX-JAL,3,40
MX-YUC,3,40
MX-GRO,3,40
MX-NLE,3,40
MX-AGU,3,40
MX-OAX,3,40
MX-MOR,3,40
MX-COA,3,40
MX-CAM,3,40
MX-CHH,3,40
MX-SIN,3,40
MX-ROO,3,40
MX-CHP,3,40
MX-TAM,3,40
MX-GUA,3,40
MX-BCS,3,40
MX-DUR,3,40
MX-NAY,3,40
MX-PUE,3,40
MX-COL,3,40
MX-VER,3,40
MX-MEX,3,40
MX-MIC,3,40
MX-DIF,3,40
MX-QUE,3,40
MX-SLP,3,40
MX-TAB,3,40
MX-ZAC,3,40
MC-U-A,3,40
MN-035,3,40
MN-041,3,40
MN-059,3,40
MN-071,3,40
MN-055,3,40
MN-065,3,40
MN-069,3,40
MN-067,3,40
MN-053,3,40
MN-043,3,40
MN-051,3,40
MN-061,3,40
MN-057,3,40
MN-073,3,40
MN-1,3,40
MN-046,3,40
MN-039,3,40
ME-03,3,40
ME-16,3,40
ME-19,3,40
ME-21,3,40
MS-U-A,0,0
MA-AGD,3,20
MA-TNT,3,20
MA-TIZ,3,20
MA-FIG,3,20
MA-FES,3,20
MA-ERR,3,20
MA-MEK,3,20
MA-OUJ,3,20
MA-CAS,3,20
MA-BEM,3,20
MA-RBA,3,20
MA-BAH,3,20
MA-ESI,3,20
MA-NAD,3,20
MA-MAR,3,20
MA-KEN,3,20
MA-OUA,3,20
MA-HOC,3,20
MA-TET,3,20
MA-TNG,3,20
MA-LAA,3,20
MZ-Q,3,40
MZ-I,3,40
MZ-S,3,40
MZ-N,3,40
MZ-A,3,40
MZ-B,3,40
MZ-L,3,40
MZ-MPM,3,40
MZ-P,3,40
MZ-T,3,40
MZ-G,3,40
MM-07,0,5
MM-16,0,5
MM-04,0,5
MM-11,0,5
MM-05,0,5
MM-03,0,5
MM-17,0,5
MM-01,0,5
MM-12,0,5
MM-15,0,5
MM-13,0,5
MM-02,0,5
MM-06,0,5
NA-KU,3,40
NA-ER,3,40
NA-OH,3,40
NA-OD,3,40
NA-OT,3,40
NA-KA,3,40
NA-CA,3,40
NA-ON,3,40
NA-KE,3,40
NA-HA,3,40
NA-KH,3,40
NR-14,3,40
NP-BA,2,30
NP-SE,2,30
NP-KO,2,30
NP-DH,2,30
NP-NA,2,30
NP-MA,2,30
NP-LU,2,30
NP-ME,2,30
NP-RA,2,30
NP-BH,2,30
NP-KA,2,30
NP-GA,2,30
NP-JA,2,30
NP-SA,2,30
NL-NH,3,40
NL-LI,3,40
NL-NB,3,40
NL-DR,3,40
NL-FL,3,40
NL-FR,3,40
NL-ZH,3,40
NL-UT,3,40
NL-OV,3,40
NC-U-A,3,40
NZ-AUK,1,15
NZ-WKO,1,15
NZ-CAN,1,15
NZ-WGN,1,15
NZ-NTL,1,15
NZ-OTA,1,15
NZ-WTC,1,15
NZ-GIS,1,15
NZ-STL,1,15
NZ-TAS,1,15
NZ-TKI,1,15
NZ-HKB,1,15
NZ-NSN,1,15
NZ-MWT,1,15
NZ-MBH,1,15
NZ-BOP,1,15
NI-AS,3,40
NI-AN,3,40
NI-RI,3,40
NI-MN,3,40
NI-SJ,3,40
NE-4,3,40
NE-8,3,40
NE-5,3,40
NE-1,3,40
NE-7,3,40
NG-KT,3,40
NG-FC,3,40
NG-AK,3,40
NG-ON,3,40
NG-DE,3,40
NG-BA,3,40
NG-ED,3,40
NG-CR,3,40
NG-EN,3,40
NG-OY,3,40
NG-KW,3,40
NG-IM,3,40
NG-PL,3,40
NG-KD,3,40
NG-KN,3,40
NG-BO,3,40
NG-BE,3,40
NG-LA,3,40
NG-NI,3,40
NG-RI,3,40
NG-SO,3,40
NG-AD,3,40
NG-GO,3,40
NU-U-A,3,40
MP-U-A,3,40
NO-15,3,20
NO-18,3,20
NO-20,3,20
NO-14,3,20
NO-12,3,20
NO-10,3,20
NO-06,3,20
NO-19,3,20
NO-03,3,20
NO-05,3,20
NO-02,3,20
NO-04,3,20
NO-11,3,20
NO-17,3,20
NO-08,3,20
NO-16,3,20
NO-01,3,20
NO-21,3,20
NO-07,3,20
OM-WU,0,0
OM-MU,0,0
OM-DA,0,0
OM-BA,0,0
OM-BU,0,0
OM-ZA,0,0
OM-SH,0,0
OM-MA,0,0
OM-ZU,0,0
PK-SD,2,50
PK-PB,2,50
PK-NW,2,50
PK-NA,2,50
PK-BA,2,50
PK-JK,2,50
PK-TA,2,50
PW-004,3,40
PA-KY,3,40
PA-5,3,40
PA-8,3,40
PA-7,3,40
PA-1,3,40
PA-6,3,40
PA-4,3,40
PA-3,3,40
PA-10,3,40
PA-2,3,40
PA-9,3,40
PG-WPD,3,40
PG-CPM,3,40
PG-EHG,3,40
PG-MPL,3,40
PG-NPP,3,40
PG-ESW,3,40
PG-SHM,3,40
PG-MPM,3,40
PG-SAN,3,40
PG-MBA,3,40
PG-WBK,3,40
PG-NIK,3,40
PG-MRL,3,40
PG-EPW,3,40
PG-NSB,3,40
PG-CPK,3,40
PG-GPK,3,40
PG-HE,3,40
PG-WHM,3,40
PG-EBR,3,40
PG-NCD,3,40
PG-JI,3,40
PY-16,3,40
PY-1,3,40
PY-11,3,40
PY-8,3,40
PY-7,3,40
PY-10,3,40
PY-19,3,40
PY-12,3,40
PY-13,3,40
PE-HUC,3,40
PE-ICA,3,40
PE-MDD,3,40
PE-LOR,3,40
PE-SAM,3,40
PE-UCA,3,40
PE-ANC,3,40
PE-LAM,3,40
PE-AYA,3,40
PE-APU,3,40
PE-CUS,3,40
PE-LIM,3,40
PE-CAJ,3,40
PE-JUN,3,40
PE-PUN,3,40
PE-AMA,3,40
PE-MOQ,3,40
PE-TUM,3,40
PE-ARE,3,40
PE-LAL,3,40
PE-TAC,3,40
PE-PIU,3,40
PH-DAO,2,20
PH-AUR,2,20
PH-PLW,2,20
PH-ILI,2,20
PH-SUK,2,20
PH-MSR,2,20
PH-ZAN,2,20
PH-BAS,2,20
PH-ZMB,2,20
PH-PAM,2,20
PH-ILN,2,20
PH-U-A,2,20
PH-ALB,2,20
PH-CAV,2,20
PH-MDC,2,20
PH-SCO,2,20
PH-MAG,2,20
PH-DAV,2,20
PH-AGN,2,20
PH-SUR,2,20
PH-CAM,2,20
PH-LAN,2,20
PH-SLU,2,20
PH-LAS,2,20
PH-TAW,2,20
PH-MSC,2,20
PH-ZAS,2,20
PH-SUN,2,20
PH-ZSI,2,20
PH-BEN,2,20
PH-CAN,2,20
PH-CAS,2,20
PH-BTN,2,20
PH-LUN,2,20
PH-CAG,2,20
PH-CAT,2,20
PH-MAD,2,20
PH-ISA,2,20
PH-LEY,2,20
PH-NEC,2,20
PH-WSA,2,20
PH-NER,2,20
PH-AKL,2,20
PH-NSA,2,20
PH-MAS,2,20
PH-CEB,2,20
PH-CAP,2,20
PH-ANT,2,20
PH-BOH,2,20
PH-ROM,2,20
PH-BUK,2,20
PL-LU,3,40
PL-KP,3,40
PL-SL,3,40
PL-PM,3,40
PL-MA,3,40
PL-ZP,3,40
PL-LD,3,40
PL-MZ,3,40
PL-WP,3,40
PL-PK,3,40
PL-WN,3,40
PL-DS,3,40
PL-LB,3,40
PT-11,3,40
PT-20,3,40
PT-04,3,40
PT-02,3,40
PT-03,3,40
PT-17,3,40
PT-08,3,40
PT-30,3,40
PT-10,3,40
PT-13,3,40
PT-15,3,40
PT-18,3,40
PR-U-A,3,40
QA-DA,3,30
QA-RA,3,30
KR-49,0,10
KR-28,0,10
KR-46,0,10
KR-29,0,10
KR-45,0,10
KR-42,0,10
KR-48,0,10
KR-26,0,10
KR-31,0,10
KR-41,0,10
KR-11,0,10
KR-44,0,10
KR-47,0,10
KR-27,0,10
KR-43,0,10
RO-AR,3,40
RO-BC,3,40
RO-MM,3,40
RO-B,3,40
RO-CT,3,40
RO-CJ,3,40
RO-CS,3,40
RO-DJ,3,40
RO-IS,3,40
RO-BH,3,40
RO-SB,3,40
RO-SM,3,40
RO-SV,3,40
RO-TL,3,40
RO-MS,3,40
RO-TM,3,40
RU-PRI,2,30
RU-SA,2,30
RU-SAK,2,30
RU-CE,2,30
RU-VLG,2,30
RU-AMU,2,30
RU-KHA,2,30
RU-CHU,2,30
RU-MAG,2,30
RU-KAM,2,30
RU-CHI,2,30
RU-IRK,2,30
RU-BU,2,30
RU-ARK,2,30
RU-NEN,2,30
RU-SPE,2,30
RU-MUR,2,30
RU-NGR,2,30
RU-PSK,2,30
RU-KR,2,30
RU-LEN,2,30
RU-KGD,2,30
RU-KK,2,30
RU-ALT,2,30
RU-AL,2,30
RU-KEM,2,30
RU-KYA,2,30
RU-TY,2,30
RU-NVS,2,30
RU-OMS,2,30
RU-TOM,2,30
RU-KDA,2,30
RU-DA,2,30
RU-STA,2,30
RU-KB,2,30
RU-SE,2,30
RU-IN,2,30
RU-ROS,2,30
RU-AST,2,30
RU-KL,2,30
RU-VGG,2,30
RU-CHE,2,30
RU-BA,2,30
RU-YAN,2,30
RU-KHM,2,30
RU-UD,2,30
RU-KIR,2,30
RU-PER,2,30
RU-SVE,2,30
RU-TYU,2,30
RU-KGN,2,30
RU-KOS,2,30
RU-MOS,8,30
RU-KLU,2,30
RU-IVA,2,30
RU-YAR,2,30
RU-BRY,2,30
RU-TVE,2,30
RU-BEL,2,30
RU-KRS,2,30
RU-LIP,2,30
RU-VOR,2,30
RU-ORL,2,30
RU-TAM,2,30
RU-RYA,2,30
RU-TUL,2,30
RU-KO,2,30
RU-NIZ,2,30
RU-TA,2,30
RU-ME,2,30
RU-CU,2,30
RU-ULY,2,30
RU-ORE,2,30
RU-PNZ,2,30
RU-MO,2,30
RU-SAR,2,30
RU-SAM,2,30
RU-SMO,2,30
RW-04,3,40
RW-05,3,40
RW-01,3,40
RW-03,3,40
BL-U-A,3,40
KN-U-A,3,40
LC-02,3,40
LC-11,3,40
MF-U-A,3,40
PM-ML,3,40
PM-SP,3,40
VC-U-A,3,40
VC-06,3,40
VC-04,3,40
WS-VS,3,40
WS-AA,3,40
WS-TU,3,40
WS-PA,3,40
ST-P,3,40
ST-S,3,40
SA-14,3,40
SA-04,3,40
SA-11,3,40
SA-01,3,40
SA-09,3,40
SA-05,3,40
SA-08,3,40
SA-06,3,40
SA-02,3,40
SA-03,3,40
SA-10,3,40
SA-12,3,40
SA-07,3,40
SN-DK,3,40
SN-KD,3,40
SN-ZG,3,40
SN-FK,3,40
SN-SL,3,40
SN-TC,3,40
RS-00,3,30
RS-07,3,30
RS-20,3,30
RS-06,3,30
SC-15,3,40
SC-20,3,40
SC-14,3,40
SL-S,3,40
SL-W,3,40
SL-N,3,40
SL-E,3,40
SG-04,0,20
SG-03,0,20
SG-02,0,20
SX-U-A,3,40
SK-BL,3,40
SK-KI,3,40
SK-BC,3,40
SK-TA,3,40
SK-PV,3,40
SK-ZI,3,40
SI-061,3,40
SI-070,3,40
SI-090,3,40
SB-ML,3,40
SB-MK,3,40
SB-WE,3,40
SB-RB,3,40
SB-CH,3,40
SB-IS,3,40
SB-CT,3,40
SB-GU,3,40
SB-TE,3,40
SB-CE,3,40
SO-GA,3,40
SO-GE,3,40
SO-BR,3,40
SO-BY,3,40
SO-NU,3,40
SO-WO,3,40
SO-JH,3,40
SO-BN,3,40
SO-HI,3,40
SO-MU,3,40
SO-SA,3,40
SO-TO,3,40
ZA-NC,3,40
ZA-NP,3,40
ZA-EC,3,40
ZA-FS,3,40
ZA-WC,3,40
ZA-NL,3,40
ZA-GT,3,40
ZA-NW,3,40
ZA-MP,3,40
ZA-U-A,3,40
SS-23,3,40
SS-18,3,40
SS-17,3,40
SS-14,3,40
ES-CA,4,50
ES-CN,4,50
ES-CE,4,50
ES-ML,4,50
ES-CM,4,50
ES-V,4,50
ES-AN,4,50
ES-O,4,50
ES-PV,4,50
ES-CL,4,50
ES-CT,4,50
ES-EX,4,50
ES-CS,4,50
ES-GA,4,50
ES-M,8,50
ES-GE,4,50
ES-AR,4,50
ES-PM,4,50
ES-MU,4,50
ES-LO,4,50
ES-NA,4,50
ES-S,3,40
LK-5,0,10
LK-1,0,10
LK-6,0,10
LK-2,0,10
LK-3,0,10
LK-4,0,10
LK-7,0,10
SD-DE,3,40
SD-13,3,40
SD-04,3,40
SD-01,3,40
SD-24,3,40
SD-02,3,40
SD-06,3,40
SD-25,3,40
SD-12,3,40
SD-05,3,40
SD-08,3,40
SD-09,3,40
SD-11,3,40
SD-26,3,40
SD-03,3,40
SD-07,3,40
SR-SI,3,40
SR-MA,3,40
SR-CR,3,40
SR-PR,3,40
SR-NI,3,40
SR-PM,3,40
SE-K,3,40
SE-Q,3,40
SE-F,3,40
SE-T,3,40
SE-W,3,40
SE-D,3,40
SE-M,3,40
SE-H,3,40
SE-N,3,40
SE-G,3,40
SE-Z,3,40
SE-BD,3,40
SE-X,3,40
SE-Y,3,40
SE-AC,3,40
SE-S,3,40
SE-U,3,40
SE-AB,3,40
SE-E,3,40
SE-I,3,40
CH-GE,3,25
CH-VD,3,25
CH-NE,3,25
CH-VS,3,25
CH-LU,3,25
CH-BE,3,25
CH-TI,3,25
CH-NW,3,25
CH-SO,3,25
CH-ZH,3,25
CH-SG,3,25
CH-GR,3,25
SY-HL,3,40
SY-DI,3,40
SY-DY,3,40
SY-HA,3,40
SY-LA,3,40
SY-HI,3,40
TJ-RR,3,40
TJ-KT,3,40
TJ-SU,3,40
TH-24,0,4
TH-10,0,4
TH-16,0,4
TH-72,0,4
TH-23,0,4
TH-21,0,4
TH-50,0,4
TH-58,0,4
TH-52,0,4
TH-55,0,4
TH-54,0,4
TH-57,0,4
TH-41,0,4
TH-67,0,4
TH-76,0,4
TH-60,0,4
TH-63,0,4
TH-64,0,4
TH-65,0,4
TH-53,0,4
TH-84,0,4
TH-96,0,4
TH-86,0,4
TH-40,0,4
TH-81,0,4
TH-90,0,4
TH-94,0,4
TH-83,0,4
TH-85,0,4
TH-92,0,4
TH-47,0,4
TH-32,0,4
TH-40,0,4
TH-42,0,4
TH-31,0,4
TH-30,0,4
TH-34,0,4
TH-45,0,4
TH-48,0,4
TH-20,0,4
TL-LA,3,40
TL-DI,3,40
TL-CO,3,40
TL-BA,3,40
TL-BO,3,40
TL-OE,3,40
TL-VI,3,40
TG-K,3,40
TG-M,3,40
TO-01,3,40
TO-04,3,40
TO-02,3,40
TO-03,3,40
TO-05,3,40
TT-WTO,3,40
TT-TUP,3,40
TN-32,3,40
TN-52,3,40
TN-11,3,40
TN-71,3,40
TN-81,3,40
TN-82,3,40
TN-83,3,40
TN-61,3,40
TN-72,3,40
TN-51,3,40
TR-17,4,20
TR-06,4,20
TR-01,4,20
TR-03,4,20
TR-07,4,20
TR-27,4,20
TR-37,4,20
TR-42,4,20
TR-05,4,20
TR-58,4,20
TR-67,4,20
TR-44,4,20
TR-38,4,20
TR-60,4,20
TR-20,4,20
TR-50,4,20
TR-34,4,20
TR-09,4,20
TR-16,4,20
TR-10,4,20
TR-26,4,20
TR-35,4,20
TR-64,4,20
TR-41,4,20
TR-48,4,20
TR-59,4,20
TR-43,4,20
TR-23,4,20
TR-21,4,20
TR-24,4,20
TR-25,4,20
TR-36,4,20
TR-61,4,20
TR-63,4,20
TR-65,4,20
TR-72,4,20
TR-49,4,20
TR-56,4,20
TR-57,4,20
TR-46,4,20
TR-04,4,20
TR-02,4,20
TR-47,4,20
TR-73,4,20
TR-30,4,20
TR-31,4,20
TR-32,4,20
TR-55,4,20
TR-12,4,20
TR-52,4,20
TR-76,4,20
TM-B,3,40
TM-A,3,40
TM-M,3,40
TM-D,3,40
TM-L,3,40
TC-GT,3,40
TC-MC,3,40
TC-NC,3,40
TC-PN,3,40
TC-PR,3,40
TC-SC,3,40
TC-SL,3,40
TV-FUN,3,40
UG-303,3,40
UG-102,3,40
UG-304,3,40
UG-204,3,40
UG-409,3,40
UG-406,3,40
UG-410,3,40
UG-211,3,40
UG-212,3,40
UG-309,3,40
UA-53,3,30
UA-32,3,30
UA-14,3,30
UA-09,3,30
UA-23,3,30
UA-12,3,30
UA-43,3,30
UA-63,3,30
UA-59,3,30
UA-71,3,30
UA-35,3,30
UA-18,3,30
UA-07,3,30
UA-68,3,30
UA-26,3,30
UA-46,3,30
UA-77,3,30
UA-19,3,30
UA-21,3,30
UA-65,3,30
UA-48,3,30
UA-51,3,30
UA-74,3,30
UA-05,3,30
AE-DU,4,30
AE-AZ,2,10
AE-FU,2,10
AE-RK,2,10
AE-SH,2,10
GB-NIR,6,50
GB-ENG,20,50
GB-SCT,6,50
GB-WLS,6,50
GB-U-A,3,40
US-FL,2,40
US-AK,3,40
US-CO,2,50
US-TX,2,40
US-MA,4,60
US-CA,2,80
US-AZ,3,50
US-IN,1,40
US-WA,1,40
US-IL,8,45
US-MO,3,70
US-LA,5,50
US-NY,20,50
US-OK,1,70
US-NC,1,40
US-PA,8,45
US-AL,1,40
US-NJ,2,40
US-MN,1,70
US-DC,1,30
US-OR,3,40
US-KY,1,70
US-CT,4,50
US-VA,1,40
US-NV,3,60
US-HI,3,20
US-MT,3,40
US-IA,1,70
US-MD,1,60
US-NE,3,40
US-MI,6,45
US-UT,3,40
US-WI,1,70
US-SD,3,40
US-NM,2,70
US-GA,4,40
US-NH,1,30
US-WY,3,40
US-AR,1,60
US-SC,1,40
US-OH,1,60
US-KS,3,40
US-TN,1,40
US-ND,3,40
US-ME,3,40
US-RI,1,45
US-MS,1,40
US-WV,3,40
US-ID,3,40
US-VT,3,40
US-DE,1,30
UY-AR,3,40
UY-CO,3,40
UY-DU,3,40
UY-MA,3,40
UY-CL,3,40
UY-CA,3,40
UY-PA,3,40
UY-RV,3,40
UY-SA,3,40
UY-TA,3,40
UY-TT,3,40
UY-RO,3,40
UZ-AN,3,40
UZ-FA,3,40
UZ-NG,3,40
UZ-QR,3,40
UZ-XO,3,40
UZ-NW,3,40
UZ-BU,3,40
UZ-QA,3,40
UZ-SA,3,40
UZ-SU,3,40
UZ-TO,3,40
VU-TOB,3,40
VU-SEE,3,40
VU-MAP,3,40
VU-PAM,3,40
VU-SAM,3,40
VU-TAE,3,40
VN-U-A,0,5
VN-52,0,5
VN-24,0,5
VN-28,0,5
VN-33,0,5
VN-29,0,5
VN-61,0,5
VN-59,0,5
VN-34,0,5
VN-43,0,5
VN-02,0,5
VN-01,0,5
VN-35,0,5
VN-60,0,5
VN-15,0,5
VN-05,0,5
VN-56,0,5
VN-31,0,5
VN-30,0,5
VN-47,0,5
VN-07,0,5
VN-40,0,5
VN-49,0,5
VN-23,0,5
VN-21,0,5
VN-26,0,5
VN-44,0,5
VN-13,0,5
EH-U-A,3,40
YE-AD,3,40
YE-SN,3,40
YE-AB,3,40
YE-BA,3,40
YE-SD,3,40
YE-MR,3,40
YE-HU,3,40
YE-MA,3,40
YE-HD,3,40
YE-TA,3,40
ZM-05,3,40
ZM-03,3,40
ZM-09,3,40
ZM-08,3,40
ZM-01,3,40
ZM-07,3,40
ZM-04,3,40
ZM-06,3,40
ZW-MW,3,40
ZW-BU,3,40
ZW-MA,3,40
ZW-MV,3,40
ZW-MN,3,40
ZW-HA,3,40
ZW-MI,3,40
RE-U-A,3,40
VE-W,3,40
VE-Z,3,40
VE-B,3,40
VE-C,3,40
VE-D,3,40
VE-E,3,40
VE-F,3,40
VE-G,3,40
VE-H,3,40
VE-Y,3,40
VE-I,3,40
VE-J,3,40
VE-K,3,40
VE-L,3,40
VE-M,3,40
VE-N,3,40
VE-O,3,40
VE-P,3,40
VE-R,3,40
VE-S,3,40
VE-T,3,40
VE-X,3,40
VE-U,3,40
VE-V,3,40
TZ-01,3,40
TZ-02,3,40
TZ-03,3,40
TZ-27,3,40
TZ-04,3,40
TZ-05,3,40
TZ-06,3,40
TZ-07,3,40
TZ-28,3,40
TZ-08,3,40
TZ-09,3,40
TZ-10,3,40
TZ-11,3,40
TZ-12,3,40
TZ-26,3,40
TZ-13,3,40
TZ-14,3,40
TZ-15,3,40
TZ-16,3,40
TZ-17,3,40
TZ-18,3,40
TZ-29,3,40
TZ-19,3,40
TZ-20,3,40
TZ-21,3,40
TZ-22,3,40
TZ-30,3,40
TZ-23,3,40
TZ-31,3,40
TZ-24,3,40
TZ-25,3,40
MD-GA,3,40
MD-BA,3,40
MD-BD,3,40
MD-CU,3,40
MD-AN,3,40
MD-BS,3,40
MD-BR,3,40
MD-CA,3,40
MD-CT,3,40
MD-CL,3,40
MD-CS,3,40
MD-CM,3,40
MD-CR,3,40
MD-DO,3,40
MD-DR,3,40
MD-DU,3,40
MD-ED,3,40
MD-FA,3,40
MD-FL,3,40
MD-GL,3,40
MD-HI,3,40
MD-IA,3,40
MD-LE,3,40
MD-NI,3,40
MD-OC,3,40
MD-OR,3,40
MD-RE,3,40
MD-RI,3,40
MD-SI,3,40
MD-SO,3,40
MD-ST,3,40
MD-SD,3,40
MD-SV,3,40
MD-TA,3,40
MD-TE,3,40
MD-UN,3,40
MD-SN,3,40
